"title","author","description","url","article_text","date_published","date_modified","source"
"Podcast | Stock picks of the day: Market likely to take cues from FOMC outcome","Moneycontrol Contributor","","https://www.moneycontrol.com/news/business/markets/podcast-stock-picks-of-the-day-market-likely-to-take-cues-from-fomc-outcome-4450991.html","","2019-09-19T08:04:20+05:30","2019-09-19T08:04:20+05:30",""
"Leela Director Madhu Nair resigns from board","","","https://www.moneycontrol.com/news/business/companies/leela-director-madhu-nair-resignsboard-1005120.html","Madhu Nair, wife of co-chairman and Managing Director Dinesh Nair, has quit Hotel Leelaventure from her post of non-executive director.The Mumbai-based company did not specify the reasons behind her exit, which comes just three days after the Airports Authority of India served an eviction notice to Leela Mumbai to vacate its land, the oldest property in its portfolio.“Madhu Nair, 55, Director, has tendered her resignation from the Board and the Board of Directors has accepted her resignation with immediate effect,” stated Hotel Leelaventure in a disclosure.The latest exit makes it the fifth in a row for the company in less than one year. Three independent directors and an executive director have quit the Leela board since February last year.These include Dr KU Mada, Madhavan Nambiar, Anil Harish, all of whom, were independent directors and Krishna Deshika, Director, Finance. Deshika, however, continues to be the Chief Financial Officer of the company.Nair’s exit also leaves just two representatives of the promoter Nair family on the board of Hotel Leela – Vivek Nair (Chairman and Managing Director) and Dinesh Nair – sons of the late Chairman CP Krishnan Nair.As per disclosures made to the Bombay Stock Exchange, by quarter ending December the promoter group held nearly 64 percent equity stake in the company, including shares held by family members like Amruda Nair, PV Leela Amma Nair, Madhu Nair, Vivek Nair, Dinesh Nair and Lakshmi Nair.Privately held shares by the family members made up 0.27 percent of the total equity while a further 63.62 percent were held by promoter group companies.Amruda Nair, daughter of Vivek Nair, who was in charge of the corporate asset management at Leela, decided to go solo and opened her own hospitality company based in the Middle East. Samyukta, Dinesh’s daughter who was also involved in the interior designs of Leela hotels, started her own sleepwear brand. Aishwarya Nair, Vivek’s second daughter, who was in charge of corporate food and beverage, on the other hand, got married last year.The beleaguered Hotel Leela Venture earlier said it hopes to monetise its 3.85 acre land in Hyderabad’s Banjara Hills in the current financial year after efforts to build a luxury hotel could not materialise.The land sale could fetch the loss-making company around Rs 150 crore enabling it to bring down its debt burden which as of last financial year is estimated to have stood at Rs 4,500 crore.Hotel Leela has a total of nine operating properties with a combined inventory of 2,688 rooms. Weighed down by the debt-pile the company has been struggling to grow for the past many years. It has been selling core and non-core assets which included two of its prime properties in Kovalam (Kerala) and Goa in 2011 and 2015, respectively.","2017-02-13T11:21:52+05:30","2017-02-13T13:52:44+05:30",""
"Thangamayil Standalone March 2023 Net Sales at Rs 769.73 crore, up 26.45% Y-o-Y","","","https://www.moneycontrol.com/news/business/earnings/thangamayil-standalone-march-2023-net-sales-at-rs-769-73-crore-up-26-45-y-o-y-10637651.html","","2023-05-22T14:55:02+05:30","2023-05-22T15:00:09+05:30",""
"Max Life Insurance turns to technology to auto-fill policy forms","M Saraswathy","","https://www.moneycontrol.com/news/business/economy/max-life-insurance-turns-to-technology-to-auto-fill-policy-forms-3205961.html","Imagine if you could just present an identification card and a bot could auto-populate an insurance proposal form for you. No back and forth over a physical form being filled or incorrect details being filled into the proposal form. Max Life Insurance is planning a pilot project wherein technology would be able to read details from documents like PAN card so that the issuance time is reduced to 12 minutes from around 30-35 minutes now. A pilot will begin in the next month with agents wherein technology will enable almost two-thirds of the form to be automatically filled when documents are scanned. Manik Nangia, Director Marketing and Chief Digital Officer, Max Life Insurance said the idea is to fill the form in the presence of the customer and in the shortest time possible using technology. When it comes to medical underwriting, there will be a system to send interactive SMSes to the policyholder so that they can fill it correctly. When a policy document is sent to an insured, the first step will be to scan the relevant document to auto-populate the data. Post this, for medical questions like smoking and family history of diseases, interactive SMSes will be sent to the policyholder. They can reply in ‘yes’ or ‘no’ and this will be filled in the policy form. Even after the policy document is filled, SMSes are sent to customers to ascertain if they have understood the features of the product and the premium paying term. In the second phase, Nangia said the plan is to have a system wherein models like Google Assistant could be used to fill the form completely. This would be a text-to-speech model wherein the home assistant device would read out the details to be filled and the policyholder would respond to the questions asked. “We are in talks with Google to have the system in the process. This will enable that customers can answer in multiple languages too and the process is less cumbersome,” he added. With this, Nangia said the quality of disclosures would also increase leading to lesser frauds at the time of claims settlement. At present, there is a high incidence of insurance agents filling up proposal form on the behalf of the insured. This leads to discrepancies, especially in the medical disclosures. For instance, if a smoker is presented as a non-smoker in the proposal form, the insured or their family can face problems during claims settlement. Max Life Insurance’s Value of New Business (VNB) increased by 42 percent year-on-year (YoY) to Rs 290 crore in H1FY19 due to a significant growth in new business as well as a higher share of protection products. New business grew by 21 percent YoY to Rs 1,909 crore in H1FY19. About 30 percent policies sold during H1FY19 were pure protection policies, with a YoY growth of 56 percent. Here, e-commerce channel contributed to 13 percent of total policies sold in H1FY19.","2018-11-21T18:04:43+05:30","2018-11-21T20:32:55+05:30",""
"What changed for the market while you were sleeping? 15 things you should know","","","https://www.moneycontrol.com/news/business/markets/what-changed-for-the-market-while-you-were-sleeping-15-things-you-should-know-2-2343813.html","The Nifty50 is likely to open flat on Thursday tracking muted handover from Wall Street. The Nifty50 closed 33 points lower at 10,081 on Wednesday. The Nifty50 hit a record high but then quickly sold off in the last one hour of trade soon after the monetary policy committee (MPC) decided to slash key rate by 25 bps. The index formed a ‘Bearish Belt Hold’ kind of pattern on the daily candlestick charts. Traders are advised to stay long and initiate buy on dips strategy towards any fall towards 10,000 levels. Although, Bearish Belt Hold is a trend reversal pattern but doesn't go short in this market because it still requires confirmation. The index now has to respect to its rising support trend line by connecting the recent swing lows of 9543, 9646, 9838 and 9944 so the major trend is still intact even after a small decline from higher levels. As long as Nifty trades above 10,000 levels, the upside remains intact and investors can initiate long positions for the next possible target placed at 10,350 and keep a stop loss 9,944. Asian markets are trading lower as investors booked the recent gains after Dow Jones Industrial Average has broke the 22,000 barrier. Nikkei was down 0.40 percent and Kospi declined over 2 percent. Stay tuned with Moneycontrol to find out what happens in currency and equity markets today. We have collated a list of important headlines from across news agencies: The Dow climbed above the 22,000 mark for the first time, buoyed by Apple's healthy quarterly iPhone sales. Apple jumped 4.73 percent to a record high after the world's largest publicly listed company reported strong results. It is up 36 percent this year, said a Reuters report. Two-thirds of S&P 500 companies have reported their second-quarter earnings so far and 72 percent of them have beaten Wall Street's expectations, according to Thomson Reuters I/B/E/S. The Dow Jones Industrial Average rose 0.24 percent to end at 22,016.24, a record high. The S&P 500 gained 0.05 percent to 2,477.57 and the Nasdaq Composite was flat at 6,362.65. The Nifty50 futures on the Singapore Stock Exchange were trading 28.50 points lower at 10,059 indicating a lower opening for the domestic market. Finance minister Arun Jaitley said that there is scope to rationalise goods and services tax (GST) and rolling 12 percent and 18 percent slabs into one as the implementation of the country’s most comprehensive indirect tax reforms progresses, said an ET report. The current GST has 5 per cent, 12 percent, 18 percent and 28 percent rates, plus one for luxury and sin goods. There are some that are zero rated or nil rate. The government has taken further steps to gradually reduce subsidy on kerosene, continuing the series of market-oriented reforms that have galvanised the petroleum sector and attracted big-ticket investment after an era of excessive controls, said an ET report. In a recent communication, it has asked state oil companies to keep raising prices of subsidised kerosene by 25 paise every fortnight until the subsidy is eliminated, or until further orders, sources said. The oil ministry had earlier ordered a similar increase only up to July this year. The National Company Law Tribunal (NCLT) is expected to take a call on whether to admit Reliance Communications’ merger proposal with Aircel on Thursday even as the telecom department suggested that the proposed partners should first get clearance from the Supreme Court, said an ET report. An NCLT bench of judges BSV Prakash Kumar and V Nallasenapathy will continue to hear the admission plea when it is expected to take a final call. The government has approved three foreign direct investment proposals in food retail, including that of e-commerce major Amazon, commerce and industry minister Nirmala Sitharaman told Parliament on Wednesday, said an ET report. In a written reply to Rajya Sabha the minister informed that FDI proposals of Amazon Retail and online grocery service providers Grofers and Supermarket Groceries Supplies have been approved by the department of industrial policy and promotion (DIPP), it said. China said it has conveyed its firm stand to India that it must take ""concrete actions"" by immediately pulling back troops from Doklam in the Sikkim section with ""no strings attached"" to resolve the current standoff. Securities and Exchange Board of India (SEBI) allowed stock brokers to borrow funds through the issuance of commercial paper and unsecured from directors and promoters in order to provide margin trading facility to their clients, said a PTI report. Currently, a broker can use his own funds or borrow from banks and non-banking financial companies (NBFCs) for this purpose. The move follows after SEBI received representations from brokers and their associations requesting to enable them to utilise funds from sources other than banks and non-banking financial companies for extending margin trading facility, the regulator said in a circular. The initial share sale offer of Cochin Shipyard was oversubscribed 3.16 times on the second day of the three-day bidding today. The IPO received bids for 10,72,21,140 shares against the total issue size of 3,39,84,000 shares, data available with the NSE showed. The initial share sale offer of Security and Intelligence Services (India) Limited (SIS) was oversubscribed 7 times on the last day of bidding on Wednesday. The IPO to raise up to Rs 780 crore received bids for 3,72,20,814 shares against the total issue size of 53,16,187 shares, according to data available with the NSE till 1930 hours. A ban on travel by US passport holders to North Korea will take effect on Sept. 1 and Americans in the country should leave before that date, the US State Department said on Wednesday, said a Reuters report. Journalists and humanitarian workers may apply for exceptions to the ban, the department said in a public notice, it said. US President Donald Trump and two Republican senators unveiled a plan at the White House to half the number of legal immigrants to the United States eventually and favour newcomers who speak English, said a Reuters report. Trump threw his support behind a bill developed by senators Tom Cotton of Arkansas and David Perdue of Georgia that they say would cut legal immigration by 50 per cent over 10 years by reducing the kinds of relatives immigrants can bring into the country, it said. The legislation faces an uphill climb to get through Congress. The US dollar hit its lowest level against the euro in more than 2-1/2 years on doubts about another Federal Reserve interest rate increase this year and expectations for European Central Bank hawkishness, said a Reuters report. The euro hit USD 1.1909, its highest level against the dollar since January 2015. Euro zone economic data has encouraged the view that the ECB is on a path toward tightening its monetary policy, which is considered a favorable scenario for the euro. The dollar index, which measures the greenback against a basket of six major rivals, touched a 15-month low of 92.548 and was last down 0.2 percent at 92.833. Gold rose and was nearing seven-week highs as the dollar fell to a 15-month low and US data showed fewer-than-expected new jobs in July, bringing into question chances of the Federal Reserve raising interest rates in the coming months, said a Reuters report. Gold is highly sensitive to rising rates because they lift bond yields, raising the opportunity cost of holding non-yielding bullion, and tend to boost the dollar, in which gold is priced, it said. Spot gold was up 0.2 percent at USD 1,270.43 an ounce. US gold futures settled down 0.08 percent at USD 1,278.40. As much as 68 companies on the BSE will be declaring their results for the quarter ended June 30 later today which include names like CEAT, Colgate Palmolive, Cummins India, Greaves Cotton, HCC, IOC, JSW Holdings, PNB Housing Finance, The Ramco Cement, Titan Company, Ujjivan, VIP Industries etc. among others. Security in ban period for the next trade date under the F&O segment includes companies in which the security has crossed 95 percent of the market-wide position limit. Securities which are banned for trading today include names like Indiabulls Real Estate, JP Associates, JSW Energy, and Wockhardt.","2017-08-03T07:31:00+05:30","2017-08-03T07:52:09+05:30",""
"Ajmera Realty soars 5.5% after healthy Q2 business updates","Moneycontrol News","Ajmera Realty remains confident of achieving its sales guidance by the second half of FY25, fueled by the upcoming festive season and strong demand.","https://www.moneycontrol.com/news/business/markets/ajmera-realty-soars-5-5-after-healthy-q2-business-updates-12838467.html","Shares of Ajmera Realty and Infra India soared 5.5 percent on October 9 after the company released healthy business updates for the July-September quarter. At 11.04 am, shares of were trading at Rs 668 on the NSE. The company's sales value for the quarter rose 1 percent on year to Rs 254 crore while collections rose 20 percent to Rs 133 crore. Sales contribution came from across the portfolio on the back of the sustaining demand for the existing projects. Ajmera Manhattan and Ajmera Prive, the luxury offerings, gathered a strong response, reflecting a high demand for premium properties. Meanwhile, Ajmera Vihara in Bhandup, launched last quarter, has already sold 49 percent of its units, reflecting success in the first phase within this emerging micro market. ""On the strength of sales from the existing projects with several launches scheduled in the second half of FY25 during the festive season, we are confident in achieving our annual guidance and progressing towards our ambitious growth strategy,"" Dhaval Ajmera, Director, Ajmera Realty and Infra India said in an exchange filing. ""The positive sector outlook, supported by favorable regulations aimed at enhancing transparency and accountability, favors established players like us. Looking ahead, we are highly optimistic about the continued growth of the real estate market,"" Ajmera added. ","2024-10-09T11:12:00+05:30","2024-10-09T11:13:09+05:30",""
"Wall Street flat ahead of holiday; ISPs rise on net neutrality bets","Reuters","","https://www.moneycontrol.com/news/business/markets/wall-street-flat-ahead-of-holiday-isps-rise-on-net-neutrality-bets-2445177.html","U.S. stocks were little changed on Wednesday, with telecom services shares among the biggest movers while the energy sector rose in line with gains in crude oil. Verizon and AT&T rose 2.0 percent and 1.6 percent respectively on bets they will benefit from the U.S. government's plan to rescind net neutrality rules put in place by the Obama administration. These stocks are up ""given the end is in sight for net neutrality as it had been defined in 2015,"" said Kim Forrest, senior equity research analyst at Fort Pitt Capital Group in Pittsburgh. ""They would be allowed to charge the originators of the data to more accurately reflect the speed and the volume of data."" With three Republican and two Democratic commissioners, the Federal Communications Commission is all but certain to approve the change. Hewlett Packard Enterprise Chief Executive Meg Whitman said she would step down in February, sending the company's shares down 7.2 percent to $13.10. HP Inc , which holds the computer and printer business that Whitman carved out of Hewlett Packard, lost 5.0 percent after reporting an unimpressive profit. The Dow Jones Industrial Average fell 64.65 points, or 0.27 percent, to 23,526.18, the S&P 500 lost 1.95 points, or 0.08 percent, to 2,597.08 and the Nasdaq Composite added 4.88 points, or 0.07 percent, to 6,867.36. The S&P 500 energy index rose 0.4 percent as U.S. crude prices jumped 2.1 percent. Many Federal Reserve policymakers expect interest rates to be raised in the ""near term,"" according to the minutes of the U.S. central bank's most recent policy meeting released on Wednesday. Stock investors were not surprised by the minutes and the market barely moved after their release. ""Not a lot of revelations came through in the Fed minutes,"" said John Velis, vice president of Global Macro Strategy at State Street Global Markets in Boston. ""Seems everyone is packed up."" Trading volumes were thin ahead of the Thanksgiving holiday on Thursday and an early close on Friday. About 5.18 billion shares changed hands in U.S. exchanges, compared with the 6.66 billion daily average over the last 20 sessions. Last year, volume during the session before Thanksgiving was 6.51 billion. Shares of chipmaker Qualcomm rose 2.2 percent after Reuters reported Broadcom is considering raising its offer to buy its larger rival by offering more of its own stock. Tractor maker Deere & Co rose 4.3 percent to $145.25 and touched a record high of $146.00 after reporting upbeat quarterly earnings and issuing a strong profit forecast for the year. Advancing issues outnumbered declining ones on the NYSE by a 1.30-to-1 ratio; on Nasdaq, a 1.09-to-1 ratio favored advancers. The S&P 500 posted 25 new 52-week highs and no new lows; the Nasdaq Composite recorded 151 new highs and 20 new lows.","2017-11-23T07:45:03+05:30","2017-11-23T07:51:42+05:30",""
"CBI wants Airbus to be made party in IDBI-Kingfisher loan case","","","https://www.moneycontrol.com/news/business/companies/cbi-wants-airbus-to-be-made-partyidbi-kingfisher-loan-case-1029317.html","The CBI is trying to make aircraft manufacturer Airbus a party to the money laundering case against business tycoon Vijay Mallya over a Rs 900 crore loan from , sources said on Tuesday.CNN-IBN has learnt that a letter rogatory (LR) will be sent to France in 15-20 days to get details of Airbus's deals with Mallya's Kingfisher Airlines.The agency would probe whether the bank sent money directly to Airbus as part of KFA's deal with the aircraft maufacturer, and whether some of this was diverted to Mallya's intermediary's to be siphoned off to tax havens.KFA had reportedly placed orders and made pre-delivery payments for Airbus' wide-body commercial jets like A380 and A350, but they were withdrawn later.","2016-03-15T21:17:43+05:30","2016-03-15T21:17:43+05:30",""
"India likely to sign FATCA pact in early July: FinMin","","","https://www.moneycontrol.com/news/business/economy/india-likely-to-sign-fatca-pactearly-july-finmin-1457733.html","India is likely to sign the inter-governmental pact for the US tax compliance law FATCA early next month, a government official said. ""Indian government is likely to sign the Inter- Governmental Agreement (IGA) for Foreign Account Tax Compliance Act (FATCA) in early July 2015,"" Akhilesh Ranjan, a Joint Secretary in the Finance Ministry, was quoted as saying in a release issued by industry body Ficci. Ranjan is in the Foreign Tax and Tax Research Division of the Ministry. FATCA compliance will necessarily have to cover all new accounts opened by Indian Financial Institutions (FIs) from July 1, 2014 onwards. Further, they would be obliged to share data with the government in respect of all new accounts opened from July 1 till December 31, 2014, to enable the government to share this data with US by September 30, 2015. The Regulators might also publish detailed guidance for implementation of FATCA. Ranjan, who was speaking at the roundtable discussion organised by FICCI assured that the government is committed to the cause of confidentiality of data and is taking several measures in that direction. A security committee has been set up within CBDT headed by Chief Information Security Officer for security of documents and information, he said. Internal systems are being devised so that the distribution of information is channelized and there is no general distribution of information.","2015-06-26T22:19:43+05:30","2015-06-26T22:24:08+05:30",""
"Won't allow entry of FDI in Delhi's retail sector: AAP govt","","","https://www.moneycontrol.com/news/business/economy/wont-allow-entryfdidelhis-retail-sector-aap-govt-1471773.html","A day after the Centre released its consolidated FDI policy, the Delhi government today said it will not allow entry of foreign direct investment in the capital's retail sector, saying that it will be detrimental to the interests of traders in the city. In the latest edition of the annual FDI document, the central government has retained the previous UPA dispensation's decision allowing foreign retailers to open multi-brand stores with 51 percent ownership. Speaking to reporters at Delhi Secretariat here, Deputy Chief Minister Manish Sisodia said, ""We will not allow entry of FDI in retail sector in the national capital."" A senior official said that the stand of the Delhi government, which was communicated to the Department of Industrial Policy and Promotion (DIPP) of the Union Commerce and Industry Ministry, on January 14, 2014, remains unchanged. In an official statement, the Delhi government said that it is of the view that the national capital at this juncture is not ready to disturb the character of its retail trade. ""Entry of FDI in the retail sector will be detrimental to the interests of traders and will lead to unemployment,"" the government said in its official statement. The city government also said that Chief Minister 's January 2014 decision to withdraw the approval granted by the previous Sheila Dikshit-led state government remains unchanged. ""The Delhi government will reiterate its stand to the central government to remove all ambiguity on the issue, which may arise due to the fresh policy document of the Centre. ""The Delhi government does not have blind opposition to the FDI, but it is of the firm view that the national capital does not require its entry in the retail sector at this juncture,"" the statement said. Multi-brand retail was opened up for foreign direct investment, with a 51 percent cap, in September 2012, when the Congress-led UPA government was in power.","2015-05-13T21:14:33+05:30","2015-05-13T21:14:33+05:30",""
"RITES Consolidated September 2022 Net Sales at Rs 659.08 crore, down 12.73% Y-o-Y","","","https://www.moneycontrol.com/news/business/earnings/rites-consolidated-september-2022-net-sales-at-rs-659-08-crore-down-12-73-y-o-y-9496201.html","","2022-11-11T11:51:17+05:30","2022-11-11T11:57:37+05:30",""
"India's stiffer foreign investment rules aimed at China to include Hong Kong","Reuters","","https://www.moneycontrol.com/news/business/economy/indias-stiffer-foreign-investment-rules-aimed-at-china-to-include-hong-kong-5168541.html","India's new rules to more closely scrutinise foreign investments from companies based in neighbouring countries will also apply to Hong Kong, two senior government sources told Reuters on Monday. India said on Saturday that foreign direct investments from countries with which it shares a land border would require prior government approval to deter ""opportunistic"" takeovers and acquisitions during the coronavirus outbreak, but it gave few other details. While the move was seen aimed at Chinese firms, it caused confusion among lawyers, investors and business executives on whether it would apply to Hong Kong, a special administrative region of China that enjoys a measure of autonomy under a ""one country, two systems"" policy agreed at the time of its 1997 handover from Britain. A substantial part of Chinese investments is routed through the Asian financial centre given its market expertise and deep pool of liquidity. India's industries ministry, which drafted the policy, did not immediately respond to an email seeking comment. Two Indian government officials told Reuters the policy will be interpreted in a broad manner and will not make any distinction between China and Hong Kong investments, saying inflows from both will be scrutinized in the same manner. ""It's common sense how Hong Kong investment should be taken. Investment from there is no different to China,"" said one of the officials. The officials have been involved in the framing of India's investment policies. Indian government data showed that between April 2000 and December 2019, foreign direct investments from China stood at $2.3 billion and $4.2 billion from Hong Kong. A February report by research group Gateway House said overall Chinese foreign direct investment into India stood at $6.2 billion. Some experts believe the total investment coming through Chinese entities is far higher as it is routed through multiple jurisdictions. The new rules govern entities located in a country that share a land border with India and will be applicable even if the ""beneficial owner"" of an investment is from those nations. Such investments will require a government approval, the rules said, meaning they can't go through a so-called automatic route. The rules did not name China or Hong Kong. India has land borders with China, Pakistan, Bangladesh, Myanmar, Nepal and Bhutan. Three government officials, including the first two, also clarified the new rules of scrutiny would apply to foreign direct investments in greenfield projects. ","2020-04-20T18:37:06+05:30","2020-04-20T18:52:34+05:30",""
"Healthy Invest Standalone December 2018 Net Sales at Rs 0.01 crore, down 74.78% Y-o-Y","","","https://www.moneycontrol.com/news/business/earnings/healthy-invest-standalone-december-2018-net-sales-at-rs-0-01-crore-down-74-78-y-o-y-3461801.html","","2019-01-31T13:14:20+05:30","2019-01-31T16:50:42+05:30",""
"Harshil Agro Standalone December 2025 Net Sales at Rs 7.25 crore, down 71.84% Y-o-Y","Broker Research","","https://www.moneycontrol.com/news/business/earnings/harshil-agro-standalone-december-2025-net-sales-at-rs-7-25-crore-down-71-84-y-o-y-13818642.html","","2026-02-09T11:11:57+05:30","2026-02-09T11:25:05+05:30",""
"DMart gains 2.5% after CLSA reiterates 'high conviction outperform' rating on stock, sees up to 61% upside","J Jagannath","India’s consumption outlook remains strong and DMart has a deeply moated business model, says CLSA","https://www.moneycontrol.com/news/business/markets/dmart-gains-2-5-after-clsa-reiterates-high-conviction-outperform-rating-on-stock-sees-up-to-61-upside-13727417.html","DMart-parent Avenue Supermarts shares rose 2.5% to Rs 3,913 apiece after global brokerage CLSA reiterated ""high conviction outperform"" rating on the stock. Avenue Supermarts is among CLSA's top picks in large-cap consumer space. The brokerage said expansion-led negative free cash flow is likely to reverse as store additions normalise, mirroring global peers Walmart, Costco, BIM. Early expansion years typically see negative free cash flow due to rapid store additions. As expansion normalises, free cash flow turns strongly positive, said CLSA. CLSA kept the stock's target price unchanged at Rs 6,300, which implies up to 61% upside, and sees strong long-term free cash flow potential. CLSA expects Avenue Supermarts' FY25-28 revenue CAGR of 15-20%, driven by 155-225 new store openings. CLSA forecasts FY28 EPS at Rs 30.2 vs Rs 16.9 in FY24 and PE multiple to ease from 227x to 127x. India’s consumption outlook remains strong and DMart has a deeply moated business model, said CLSA. So far in 2025, the stock rose 9.5%. Avenue Supermarts has reported a 15.43% rise in its standalone revenue from operations to Rs 16,218.79 crore for the second quarter ended September 30, 2025. The total number of stores as of September 2025 stood at 432. Promoted by Radhakishan Damani and his family, DMart retails basic home and personal products across markets, including Maharashtra, Gujarat, Andhra Pradesh, Madhya Pradesh, Karnataka, Telangana, Chhattisgarh, NCR, Tamil Nadu, Punjab and Rajasthan.","2025-12-16T10:59:53+05:30","2025-12-16T11:00:04+05:30",""
"Denis Chem Lab standalone Sep '15 sales at Rs 26.80 crore","","","https://www.moneycontrol.com/news/business/earnings/-1500411.html","","2015-10-28T10:30:31+05:30","2015-10-28T10:30:31+05:30",""
"Trade Spotlight | Your strategy to deal in Federal Bank, HDFC Bank, ABB India today","Sunil Shankar Matkar","HDFC Bank has decisively broken its downward sloping resistance trendline adjoining highs of July 3 and September 15, and formed bullish candlestick pattern with lower shadow on the daily scale.","https://www.moneycontrol.com/news/business/markets/trade-spotlight-your-strategy-to-deal-in-federal-bank-hdfc-bank-abb-india-today-11854561.html","With the market in an upbeat mood after a three-state victory of the BJP and a better-than-expected GDP data for Q2FY24, backed by favourable global cues, consistent funds flow from FIIs and DIIs, and continuation of higher highs, higher lows formation with strong volumes for a week now, experts expect the trend to remain in the favour of bulls which can take the Nifty50 towards 20,900-21,000 levels in coming days with immediate support at 20,600-20,500 levels. On November 4, the benchmark indices hit a historic high and recorded the biggest single-day gain in more than a year. The Nifty50 jumped 419 points or 2.07 percent to 20,687, and the BSE Sensex rallied 1,384 points or 2.05 percent to 68,865, while the Nifty Midcap 100 and Smallcap 100 indices 1.2 percent and 1.4 percent. Stocks that participated in Monday's bull run included Federal Bank, HDFC Bank, and ABB India. rose 3.6 percent to end at record closing high of Rs 154.05 and formed bullish candlestick pattern with long lower shadow on the daily charts, with above average volumes. The stock traded above all key moving averages (20, 50, 100 and 200-day EMA - exponential moving average), which is a positive sign. has decisively broken its downward sloping resistance trendline adjoining highs of July 3 and September 15, and formed bullish candlestick pattern with lower shadow on the daily scale. The stock opened above 200-day EMA and finally got back above all key moving averages. It climbed 3.5 percent to Rs 1,609 with above average volumes. has also seen a breakout of falling resistance trendline adjoining highs of September 11 and November 30, and formed strong bullish candlestick pattern on the daily charts with healthy volumes. The stock jumped 5.6 percent to end at record closing high of Rs 4,630.75 and traded above all key moving averages. In the previous session, the stock made a fresh new life time high. Prices are trading near the previous swing high, which was near Rs 155.20, as shown in the below chart. This stock may rise further if it closes above it. The 50-EMA (exponential moving average Rs 146) is acting as a excellent support line that has provided support at regular intervals. This implies that as long as this line is protected, one should be in the direction of the current ongoing trend, and any pullback towards it should be viewed as a buying opportunity. According to this, support is near Rs 146 levels. In short, overall trend for Federal Bank is positive. A close above Rs 155 is must for further bullish momentum to continue. While on the downside Rs 146 levels can act as a near term support. HDFC Bank has been rising over the past few days. HDFC Bank is following 53-day’s time cycle very well and we can clearly see that prices are forming low every time it approaches near to this cycle. Time Cycle helps to understand if the overall trend is going to reverse back on upside. As shown in below chart prices are bouncing back every 53 days. Recently prices made a low near our cycle which was near Rs 1,460-1,470. Following that, the stock reversed to the upside and is still in an uptrend. Prices closed above the previous day's high in the previous session, indicating a positive signal. Furthermore, prices have recently closed above the Ichimoku cloud. So, Time cycle, Indicators, and Price action are all in sync, indicating that the outlook for this stock is positive. In short, trend for this stock is positive. Use dips as a buying opportunity for a move towards Rs 1,650 levels as long as Rs 1,560 holds on the downside. ABB has been increasing continuously over the past few days. In the previous session, prices formed a large bullish candle on the daily chart. The price closed at Rs 4,630 levels. Breakout of the Rounding Bottom is still pending. Any close above Rs 4,680 will confirm the breakout of the rounding bottom pattern. The stock is trading above the ichimoku cloud which indicate that the short-term bias is bullish. In short, trend for this stock is positive. A break above Rs 4,680 can lift price higher towards Rs 4,900-4,950 as long as Rs 4,440 holds on the downside.","2023-12-05T06:15:57+05:30","2023-12-05T08:56:56+05:30",""
"Bodhtree Cons Standalone December 2020 Net Sales at Rs 33.03 crore, up 5.99% Y-o-Y","","","https://www.moneycontrol.com/news/business/earnings/bodhtree-cons-standalone-december-2020-net-sales-at-rs-33-03-crore-up-5-99-y-o-y-6514211.html","","2021-02-15T17:00:51+05:30","2021-02-15T17:19:22+05:30",""
"Matrimony Q3 PAT may dip 21.8% YoY to Rs. 7.8 cr: ICICI Securities","Broker Research","Net Sales are expected to decrease by 1 percent Y-o-Y (down 3.7 percent Q-o-Q) to Rs. 110.3 crore, according to ICICI Securities.","https://www.moneycontrol.com/news/business/earnings/matrimony-q3-pat-may-dip-21-8-yoy-to-rs-7-8-cr-icici-securities-13787547.html","ICICI Securities has come out with its third quarter (October-December’ 26) earnings estimates for the Internet sector. The brokerage house expects to report net profit at Rs. 7.8 crore down 21.8 % year-on-year (up 1.7 percent Q-o-Q). Net Sales are expected to decrease by 1 percent Y-o-Y (down 3.7 percent Q-o-Q) to Rs. 110.3 crore, according to ICICI Securities. Earnings before interest, tax, depreciation and amortisation (EBITDA) are likely to fall by 27.1 percent Y-o-Y (down 16.8 percent Q-o-Q) to Rs. 10 crore. : The views and investment tips expressed by investment experts on moneycontrol.com are their own, and not that of the website or its management. Moneycontrol.com advises users to check with certified experts before taking any investment decisions. ","2026-01-23T12:30:50+05:30","2026-01-23T12:30:59+05:30",""
"Asian shares pinned at lows after Wall Street falls, NZ holds rates steady","Reuters","","https://www.moneycontrol.com/news/business/markets/asian-shares-pinned-at-lows-after-wall-street-falls-nz-holds-rates-steady-7353001.html","Asian shares held near year-to-date lows on Wednesday as overnight declines on Wall Street reinforced worries about the economic impact of the Delta coronavirus variant sweeping through the region. The dollar stayed strong against most peers, while New Zealand’s central bank held off on a widely expected decision to raise interest rates after the discovery of a Delta variant case sent the country into lockdown. The Reserve Bank of New Zealand would have been the first G10 central bank to begin hiking interest rates, but said the decision to hold was made in the context of the nationwide restrictions. MSCI’s broadest index of Asia-Pacific shares outside Japan was up 0.19%, having fallen for the past five sessions, and traded just above year-to-date lows touched in July. Chinese blue chips rose 0.21% and Japan’s Nikkei rose 0.35%. Taiwan stocks fell 1.09%. ”A narrative around the peaking of economic growth in the second or third quarter is really hitting home,” said Kerry Craig, global market strategist at JPMorgan Asset Management. ”Investors are trying balance the reopening of economies as vaccination rates go up, but also seeing the effects of the spreading Delta variant and that’s being reflected in the slowing economic data most of which has been surprising on the downside in the last two weeks,” Craig said. China on Monday reported year-on-year GDP growth of 7.9% in the second quarter, below the 8.1% forecast in a Reuters poll of economists. Overnight, Wall Street fell after retail sales came in below expectations and valuations become increasingly stretched. The S&P 500 lost 0.71% after posting a new record high on Monday. [.N] ”In today’s market we find its very difficult to find undervalued stocks to recommend to investors,” said Dave Sekera, chief U.S. market strategist at Morningstar Research Services. U.S. stock futures, the S&P 500 e-minis, were little changed in Asian hours, down 0.01%. In currency markets the dollar hit a nine-month high against the euro and held near recent peaks against other major currencies as COVID-19 concerns meant investors cut exposure to riskier currencies. Oil declined further in early Asian trading after falling for four sessions thanks to the stronger dollar and worries about the rise in coronavirus cases. U.S. crude dipped 0.14% to $66.50 a barrel. The yield on benchmark 10-year Treasury notes was 1.2617% compared to its U.S. close of 1.258% on Tuesday (Reporting by Alun John; editing by Richard Pullin)","2021-08-18T08:18:22+05:30","2021-08-18T08:17:51+05:30",""
"Nahar Poly Film Standalone September 2023 Net Sales at Rs 137.01 crore, down 28% Y-o-Y","","","https://www.moneycontrol.com/news/business/earnings/nahar-poly-film-standalone-september-2023-net-sales-at-rs-137-01-crore-down-28-y-o-y-11702511.html","","2023-11-09T08:22:15+05:30","2023-11-09T08:43:54+05:30",""
"Stern action against Chanda Kochhar a warning to India Inc, say corporate governance experts","Himadri Buch","","https://www.moneycontrol.com/news/business/companies/stern-action-against-chanda-kochhar-a-warning-to-india-inc-say-corporate-governance-experts-3461671.html","The stern action taken by against former managing director and chief executive Chanda Kochhar after an indictment from the Justice BN Srikrishna report, is a warning for other boards of the corporate world, believes JN Gupta, former SEBI Executive Director and Managing Director of Stakeholders Empowerment Services. “I feel in corporate India it is first of its case. A stern action has been taken. I always believe this act as a deterrent or warning to others that things shouldn't be taken lightly,” Gupta said. Justice Srikrishna committee that was tasked with probing the quid-pro-quo transactions in ICICI Bank, said Kochhar violated the bank's code of conduct. The panel suggested treating her separation from ICICI Bank as termination. Shareholder whistleblower Arvind Gupta was the first to raise concerns in October 2016 through a blog, alleging impropriety in loan-related decisions made by Chanda Kochhar. He also alleged quid pro quo in the approval of given to Videocon Group, whose promoter had business dealings with Kochhar's husband Deepak. Following the Justice BN Srikrishna panel report indicting Kochhar, the bank said it will retrieve bonuses she received since 2009. The board, following the receipt of the enquiry report, on January 31 decided to treat ""the separation of Kochhar from the bank as a 'termination for cause' under the bank's internal policies, schemes and the code of conduct, with all attendant consequences."" These include revocation of all her existing and future entitlements such as any unpaid amounts, unpaid bonuses or increments, unvested and vested and unexercised stock options, and medical benefits. According to a report in the , Kochhar owes the bank close to Rs 350 crore, of which Rs 343 crore is through employee stock options (ESOPs) since FY09, and almost Rs 10 crore is in form of cash bonuses. The Srikrishna panel found there was lack of certain disclosures and procedures were not followed. Blaming ICICI Bank board for giving a clean chit to Kochhar, Gupta said, “Now for knowing this one doesn't need a Justice, you can find out internally, that raises a question on the board of ICICI that gave a clean chit to Chanda Kochhar in almost no time when the issue came up. It means that the earlier board that gave the clean chit didn't apply its mind.” With Justice BN Srikrishna indicting Chanda Kochhar for lack of disclosures and not following procedures, Gupta sought the statutory bodies to act fast. “The inquiry done by Justice Srikrishna is limited in scope. Justice Srikrishna acted as a senior person available in the country who can do justice without statutory backing,” Gupta said. “He couldn't go deep into the issue by summoning people and accounts. He could not have examined any criminal aspects of the case,” he added. An investigation led by Srikrishna is in sharp contrast with the stance taken by the bank’s board when the allegations first came to light in March 2018. At the time, the board, led by then chairman MK Sharma, had backed Kochhar saying all due processes were followed. “How is it that MK Sharma, the earlier board chairman gave Chanda Kochhar a clean chit while this board chaired by GC Chaturvedi says she has violated the bank's code of conduct?” said Hemindra Hazari, an independent banking analyst. “I expect Kochhar to challenge her dismissal in court where more details of how the board concluded its decisions will be made public. It also shows how overpaid the top CEOs are in private sector banks,” he added. On January 24, CBI booked Kochhar on charges of criminal conspiracy, cheating and abuse of official position for ""dishonestly sanctioning loans to the Videocon Group"". (With inputs from M Saraswathy)","2019-01-31T13:32:45+05:30","2019-01-31T14:13:07+05:30",""
"Vodafone-BSNL 2G intra-circle roaming pact to tackle call drops","","","https://www.moneycontrol.com/news/business/companies/vodafone-bsnl-2g-intra-circle-roaming-pact-to-tackle-call-drops-965576.html","Private operator Vodafone and state-owned BSNL announced a 2G intra-circle roaming agreement (ICR) that is designed to benefit their customers and help reduce call drops. ""The agreement will enhance coverage for both Vodafone and BSNL customers. Next month, we will jointly provide seamless connectivity at the BRICS summit, which is to be held in Goa,"" BSNL CMD Anupam Shrivastava told PTI. The state-run firm, which regained its 5th position in terms of mobile subscribers in June, has nearly 1,14,000 sites across the country with a wide reach in rural areas. Shrivastava added: ""This partnership with Vodafone will help us make our network coverage better, especially in urban areas."" The availability of additional towers is expected to help both the companies address the coverage gap, thereby minimise chances of call drops. Vodafone India has over 1,37,000 mobile sites across the country. The agreement will allow Vodafone to expand its 2G network further, especially in rural areas, and strengthens BSNL's network reach in urban localities. ""We made significant investments to expand, enhance and upgrade our network, making Vodafone SuperNet our best network ever, world-class and future-fit. This partnership with BSNL will further strengthen the reach of our network, especially in the hinterland and surrounding rural areas,"" Vodafone India MD and CEO Sunil Sood said in a statement. Additionally, the agreement will support Vodafone's coverage plans in Tamil Nadu where it failed to win back 900 Mhz spectrum that it used for 2G services in the 2015 auction. Vodafone India, the fully-owned subsidiary of the UK's Vodafone Group, has operations across India serving over 199 million customers. Bharat Sanchar Nigam Ltd (BSNL) had a user base of 89.54 million at the end of June this year.","2016-09-12T08:08:08+05:30","2016-09-12T08:26:43+05:30",""
"Gold falls back towards $1,090 after jobless claims hit 40-year low","","","https://www.moneycontrol.com/news/business/markets/gold-falls-back-towards-361090-after-jobless-claims-hit-40-year-low-1497861.html","Investing.com - Investing.com - Gold prices re-approached five-year lows on Thursday, after data showed that the number of people who filed for unemployment assistance in the U.S. last week fell to the lowest level since November 1973, boosting optimism over the health of the economy and supporting the case for a U.S. interest rate hike this year. Gold futures for August delivery on the Comex division of the New York Mercantile Exchange traded at $1,095.40 a troy ounce during U.S. morning hours, up $4.10, or 0.38%. Prices hit an intraday peak of $1,104.50. A day earlier, gold fell to $1,085.60 before recovering mildly to close at $1,091.50, down $12.00, or 1.09%. Prices of the precious metal plunged to a five-year low of $1,080.00 on Monday. The Department of Labor said the number of individuals filing for initial jobless benefits fell by 26,000 last week to 255,000. Analysts had expected initial jobless claims to fall by 1,000 to 280,000 last week. First-time jobless claims have held below the 300,000-level for 20 consecutive weeks, which is usually associated with a firming labor market. Gold has been under heavy selling pressure in recent months amid speculation the Fed will raise interest rates for the first time in eight years as soon as September. Gold, which yields nothing and costs money to hold, is seen as a less attractive investment during times of rising interest rates. Also on the Comex, silver futures for September delivery inched up 2.8 cents, or 0.19%, to trade at $14.75 a troy ounce, while copper for September delivery shed 0.3 cents, or 0.13%, to trade at $2.425 a pound. ","2015-07-23T18:27:00+05:30","2015-07-23T18:27:00+05:30",""
"Tata Chemicals Standalone March 2023 Net Sales at Rs 1,302.00 crore, up 16.81% Y-o-Y","","","https://www.moneycontrol.com/news/business/earnings/tata-chemicals-standalone-march-2023-net-sales-at-rs-1302-00-crore-up-16-81-y-o-y-10524741.html","","2023-05-04T10:00:02+05:30","2023-05-04T10:19:31+05:30",""
"ACC Q2 profit seen down 11%, volumes may decline: Poll","","","https://www.moneycontrol.com/news/business/earnings/acc-q2-profit-seen-down-11-volumes-may-decline-poll-1515313.html","Cement major is expected to degrow in the quarter ended June. Profit is likely to fall 11 percent year-on-year to Rs 217 crore and total income may drop 2 percent to Rs 3,012 crore, according to a CNBC-TV18 poll. The company follows January-December as its financial year. Analysts expect cement volumes to decline in April-June quarter (following weakness in past two consecutive quarters) due to poor sales seen in Southern and Northern markets. The topline of ACC, which has pan India presence, may be dragged by lower volumes but realisations and RMC may support. Analysts see poor realisations in northern and western regions. Southern presence may help realisations as cement prices jumped 15 percent Y-o-Y. Ready mix concrete (RMC) business may support topline. RMC business clocked revenue of Rs 439 crore in Q1CY15 and Rs 305 crore in Q2CY14. During the quarter, operating profit is seen declining 16 percent to Rs 378 crore and margin may fall 230 basis points to 12.5 percent compared to corresponding quarter of last fiscal. The hit in margin may be due to weak pricing environment in the country besides South India. Most of its coal received from Coal India, so there is no benefit of lower international coal pices. Higher railway freight cost may also impact margin. Key issues to watch out for would be cement pricing recovery, volume growth & demand revival, update on Jamul expansion & cost saving measures, and clarity on sustained resumption of operations at plants in the east.","2015-07-16T17:37:27+05:30","2015-07-17T15:55:23+05:30",""
"Hope SC lifts stay on GM mustard seed release: SEA","","","https://www.moneycontrol.com/news/business/economy/hope-sc-lifts-stay-on-gm-mustard-seed-release-sea-2277685.html","Edible oil industry body SEA today hailed the expert panel GEAC for clearing a genetically modified (GM) mustard seed variety for commercial cultivation and hoped the Supreme Court will lift the stay on its release. Yesterday, the Genetic Engineering Appraisal Committee (GEAC) recommended the commercial release of a high-yielding GM mustard variety, DMH-11, developed by Delhi University scientists. A final approval is awaited from the Environment Ministry for its release. Welcoming GEAC's move, Mumbai-based Solvent Extractors' Association of India (SEA) Executive Director B V Mehta said: ""In light of GEAC clearance for cultivation, India is one step away from commercial production of its first GM food crop and hopefully with all scientific evidence before it, the Supreme Court will lift the stay and pave way for commercial cultivation."" The GEAC has taken a ""bold decision"" which will go a long way to increase the production and productivity of mustard seed in India, he said in a statement. At present, mustard seed output is around 7 million tonnes. However, the SEA has taken a resolution to work actively to raise the output to 15 million tonnes by 2025.","2017-05-12T14:07:11+05:30","2017-05-12T14:19:38+05:30",""
"Government to exempt EVs, alternative fuel-powered vehicles from permit requirements: Nitin Gadkari","PTI","","https://www.moneycontrol.com/news/business/economy/government-to-exempt-evs-alternative-fuel-powered-vehicles-from-permit-requirements-nitin-gadkari-2924981.html","The government has decided to exempt electric vehicles (EVs) and automobiles run on alternative fuel from permit requirements in a bid to boost such vehicles in the country, Union Minister Nitin Gadkari said Thursday. Urging automakers to focus in this direction, the minister said demand for EVs could also be created by mandating cab aggregators like Ola and Uber to induct a certain percentage of such vehicles in their fleet. ""We have decided to exempt EVs and all vehicles including autorickshaws, buses, taxis run on alternative fuel like ethanol, biodiesel, CNG, methanol and biofuel, from permit requirements. ""We have taken the decision to make these permit-free,"" the transport minister said addressing the SIAM annual convention here. He said the states have agreed to abide by it as the recommendations came from a Group of Ministers of states, headed by Rajasthan Transport Minister Yunus Khan. Urging automakers to come forward to tap the opportunity of EV production, Gadkari ruled out any financial incentive. ""With GST at 12 per cent on EVs, I don't think there is any further need for subsidy. We need to think innovatively to bring in that environment. My ministry has prepared a detailed report to raise production of EVs through non-fiscal initiatives in the next five years,"" Gadkari said clarifying that the subsidy was not mandatory. His statement comes amid government's efforts to promote eco-friendly vehicles through Faster Adoption and Manufacturing of (Hybrid &) Electric Vehicles (FAME) India scheme, which was launched in 2015. The second phase of FAME India scheme will be launched by Prime Minister Narendra Modi on September 7. According to official sources, FAME II offers incentives for mass adoption of EVs with an outlay of Rs 5,500 crore. Gadkari also said the ministry has done away with the requirement of local testing for initially bringing EVs into India for sale. ""This will be available for limited number of pieces in the domestic market and if the customers' response is positive then these companies can start making the vehicles in India,"" he said. The minister also suggested automakers to diversify into water transport. ""Why don't you diversify. From Allahabad to Varanasi we are maintaining a draft of 1.5 metre. Fifteen crore people will be gathering at Kumbha mela. You come and run 500-600 seater catamarans. I will give you all permissions in eight days,"" the minister said. He said the multimodal hub at Varanasi will be inaugurated soon and 60 river ports offered vast opportunities to automobile makers. Gadkari also announced that steps will be taken to do away with the requirement of speed governors saying that better highways were there and speed was not the only reason behind accidents. He also announced that the government will soon ensure two-wheeler taxis everywhere barring metro cities for single passengers, which in turn would generate employment. On biofuel, Gadkari said its production can cut on huge Rs 30,000 crore aviation fuel imports. Indigenous production of biofuel is not only import substitute but is cost-effective and checks pollution, he added.","2018-09-06T16:48:05+05:30","2018-09-06T16:51:29+05:30",""
"Bharat Forge arm forms JV with Rafael Advanced Defense Systems","","","https://www.moneycontrol.com/news/business/companies/bharat-forge-arm-forms-jvrafael-advanced-defense-systems-1042284.html","Auto component major arm Kalyani Strategic Systems on Tuesday entered into a joint venture (JV) partnership with Israel's Rafael Advanced Defense Systems to bid for defence programmes in India, including infantry combat vehicle BMP II upgrade. The JV company, Kalyani Rafael Advanced Systems Pvt Ltd, will look to address programmes in relation to BMP II upgrade, tactical control systems, other advanced systems and other such programmes floated or to be floated by the Ministry of Defence, Bharat Forge said in a BSE filing. The company, however, did not share details of the JV such as stake holding between the partners. Bharat Forge has been a key supplier of components to the Indian defence establishment for over 30 years. It has stated that it would focus on capturing opportunity arising out of Make in India initiative of the government through supply of critical components in both defense and aerospace sector. Rafael develops and manufactures advanced defense systems for the Israeli defense forces and the defense establishment, as well as for foreign customers around the world. It is among the top defence firms in Israel.","2016-02-09T19:22:32+05:30","2016-02-09T19:22:32+05:30",""
"JSW Energy shares rise as Jefferies maintains buy; sees 39% upside","Moneycontrol News","JSW Energy share price: Jefferies also highlighted the company's robust growth outlook, projecting a 58 percent EBITDA CAGR between FY25 and FY27 and a 2.1x jump in EBITDA by FY26 as key catalysts","https://www.moneycontrol.com/news/business/markets/jsw-energy-shares-rise-as-jefferies-maintains-buy-sees-39-upside-13173798.html","Shares of gained over a percent to Rs 513 in morning trade on June 25 after Jefferies maintained its buy rating on the counter, citing strong levers for growth in the coming quarters. With a target price of Rs 700 per share, the international brokerage anticipates an upside potential of 39 percent from the last closing price of Rs 505 on the NSE. The brokerage believes the company's ‘Strategy 3.0’ will fuel a fourfold jump in reported EBITDA between FY25 and FY30. Excluding its investment in JSW Steel, the company reported a return on equity (RoE) of 11 percent in FY25, compared to the headline figure of 8 percent. Jefferies also flagged the company’s 58 percent EBITDA CAGR between FY25 and FY27 and an expected 2.1x jump in FY26 EBITDA as critical triggers for the stock. Last week,  NCLAT overturned an earlier NCLT order, allowing lenders of Raigarh Champa Rail Infrastructure Pvt Ltd (RCRIPL) to invite fresh bids—a move that cleared the way for JSW Energy to enter the fray. The company had sought to participate in RCRIPL's insolvency process after acquiring KSK Mahanadi Power, its parent firm, for Rs 16,084 crore in March. Backing the lenders’ decision, the tribunal said reissuing Form G to call for fresh bids would boost competition and likely attract better offers. JSW Energy shares are down 22 percent since the beginning of the year.","2025-06-25T09:42:12+05:30","2025-06-25T09:42:24+05:30",""
"SAB Events Standalone March 2021 Net Sales at Rs 0.28 crore, down 39.57% Y-o-Y","","","https://www.moneycontrol.com/news/business/earnings/sab-events-standalone-march-2021-net-sales-at-rs-0-28-crore-down-39-57-y-o-y-6981131.html","","2021-06-03T09:00:45+05:30","2021-06-03T09:04:49+05:30",""
"PM hints at more action to unearth black money","","","https://www.moneycontrol.com/news/business/economy/pm-hints-at-more-action-to-unearth-black-money-930725.html","Hinting at more action to unearth black money, Prime Minister Narendra Modi On Saturday said those holding unaccounted money will not be spared and there is no ""guarantee"" that no further steps would be taken after December 30 till when people can deposit the demonetised notes. He assured honest people that they will not face any trouble. ""I would like to announce once again that after the end of this scheme, there is no guarantee that something new will not be introduced to punish you (thikane lagane ke liye),"" Modi said. He was addressing the Indian community at a reception here. ""I make it very clear that if anything unaccounted comes up, then I will check its records since Independence. Will deploy as many people as required for this. Honest people will not face any problem. No one will be spared. Those who know me, they are intelligent as well. They think it is better to offer it in Ganga than in banks,"" Modi said. He was referring to reports of the demonetised Rs 500 and Rs 1,000 notes flowing in Ganga river. Modi termed the demonetisation as ""Swachhata Abhiyan"" and hailed the undaunting spirit of people despite their hardship following its announcement on November 8. ""I salute my countrymen. People stood in line for four hours, six hours but accepted the decision in national interest the way people of Japan tackled the aftermath of the 2011 disaster,"" he said. ""I thought long and hard about the possible difficulties and it was also important to keep it a secret. It had to be done suddenly but I never thought I will receive blessings for this,"" he said.","2016-11-12T14:38:03+05:30","2016-11-13T10:47:50+05:30",""
"Solar Ind Standalone December 2021 Net Sales at Rs 643.83 crore, up 65.33% Y-o-Y","","","https://www.moneycontrol.com/news/business/earnings/solar-ind-standalone-december-2021-net-sales-at-rs-643-83-crore-up-65-33-y-o-y-4-8024221.html","","2022-02-02T09:11:38+05:30","2022-02-02T09:20:34+05:30",""
"'Fears of RBI rate hike overdone; 25 bps cut likely in Aug'","PTI","","https://www.moneycontrol.com/news/business/economy/fears-of-rbi-rate-hike-overdone-25-bps-cut-likely-in-aug-2503141.html","Fears of the Reserve Bank going for a ""rate hike"" are overdone and there is still room for a 25 bps rate cut in the August monetary policy review, provided rains are normal, says a report. Global financial services major Bank of America Merrill Lynch (BofAML), termed the latest RBI policy as ""balanced"" and said that macro risks are getting overdone in the government securities (G-sec) market. In its 6th and the last bi-monthly monetary policy review of the current fiscal, 2017-18, RBI yesterday kept interest rates unchanged for the third time in a row saying that higher government spending would accelerate inflation, and warned of risks from wider fiscal deficit. ""We continue to think that market concerns of a rate hike are overdone after the conference calls shed more light on the bias, which seemed soft,"" BofAML said in a research note adding that ""we still expect a 25 bps August RBI rate cut"". The Reserve Bank did not go in for a hike in key rates, despite expecting a surge in inflation going forward, as the price rise is being driven by higher house rent allowance (HRA) to government employees, Governor Urjit Patel had said. Nearly 0.35 percent of current inflation is due to the HRA hikes as per the 7th pay panel recommendations, he said. BofAML expects January CPI inflation at 4.9 percent down from 5.2 percent in December. The RBI has upped its inflation forecast to 5.1 per cent for the current fourth quarter of the 2017-18 fiscal ending March 31. It expects inflation to firm up further to 5.1-5.6 percent in first half of the next fiscal, before cooling down to 4.5-4.6 percent in the second half. The report however, noted that core inflation (excluding food, fuel and HRA) is already hovering about a reasonable 4.2 percent. ""We continue to expect the RBI to cut rates by 25 bps in August if we see normal rains,"" it added.","2018-02-08T14:34:53+05:30","2018-02-08T14:37:24+05:30",""
"Beyond flash sale fiasco: Why Flipkart, peers need to worry","","","https://www.moneycontrol.com/news/business/companies/beyond-flash-sale-fiasco-why-flipkart-peers-need-to-worry-1556943.html","","2014-10-08T14:50:34+05:30","2014-10-08T14:52:37+05:30",""
"Abbott India Q2 net down 3% at Rs 61.70 cr","","","https://www.moneycontrol.com/news/business/earnings/abbott-india-q2-net-down-3-at-rs-6170-cr-1453655.html","today reported 3.20 percent dip in standalone net profit at Rs 61.70 crore for the second quarter ended September 30. The company had posted a net profit of Rs 63.74 crore for the corresponding period of the previous fiscal, the drug firm said in a filing to BSE. However, total standalone income from operations rose to Rs 645.06 crore for the quarter under review as against Rs 588.71 crore for the same period a year ago.","2015-11-07T13:50:43+05:30","2015-11-07T13:50:43+05:30",""
"Moneycontrol Pro Panorama | India's Swiftonomics moment with Coldplay","Shishir Asthana","In Moneycontrol's Pro Panorama September 23 edition: RBI's case for a policy rate cut, India's latest Flash PMI data indicates a mild slowdown, asset allocation in mutual funds can affect returns, India's road to semiconductor success, and more","https://www.moneycontrol.com/news/business/economy/moneycontrol-pro-panorama-indias-swiftonomics-moment-with-coldplay-12827838.html",",  : ","2024-09-23T15:44:32+05:30","2024-09-23T17:38:45+05:30",""
"Banka Bioloo Standalone September 2024 Net Sales at Rs 14.34 crore, up 35.87% Y-o-Y","","","https://www.moneycontrol.com/news/business/earnings/banka-bioloo-standalone-september-2024-net-sales-at-rs-14-34-crore-up-35-87-y-o-y-12877470.html","","2024-11-27T12:00:15+05:30","2024-11-27T12:16:05+05:30",""
"RBI halts printing of Rs 2000 notes; focus more on Rs 200, Rs 500: Report","","","https://www.moneycontrol.com/news/business/economy/rbi-halts-printing-of-rs-2000-notes-focus-more-on-rs-200-rs-500-report-2335929.html","The Reserve Bank of India (RBI) has increased printing of smaller denomination notes including the new Rs 200 notes after it stopped printing Rs 2000 notes around five months back, reports . The central bank is unlikely to print Rs 2000 notes any further as the Centre is progressively preparing to phase out printing higher denomination notes. Rs 2000 notes had replaced the Rs 1000 after demonetisation last year, sources told . The report also said that RBI’s proposal to print 100 crore Rs 2000 note was turned down by the government. Around Rs 7.4 trillion worth of Rs 2000 notes have been printed so far, which adequately compensates the Rs 6.3 trillion Rs 1000 notes that were taken out of circulation, said the report. Rs 1000 notes were withdrawn in November 2016 after demonetisation. The majority of new notes printed are of low denomination now. Nearly 14 billion Rs 500 notes have been printed already, the report said. The total currency in circulation as on July 14 stands around Rs 15.22 trillion as per the RBI data, which is about 86 percent of the Rs 17.7 trillion that was in circulation on November 4. The printing of new Rs 200 notes has been started in RBI’s Mysuru printing press and the note may come into circulation by next month.","2017-07-26T10:24:39+05:30","2017-07-26T10:35:40+05:30",""
"NSE's active user count declines for tenth straight month in April","Moneycontrol News","The active user count on the NSE decreased for the tenth straight month to 31.20 million in April against 32.70 million in March","https://www.moneycontrol.com/news/business/markets/nses-active-user-count-declines-for-tenth-straight-month-in-april-10665171.html","The National Stock Exchange (NSE) saw its active user count drop to 31.20 million in April from 32.70 million in March, the tenth straight month of decline. The drop in April was more pronounced, with a decline of 1.5 million accounts compared to the previous month's fall of 0.9 million accounts, brokerage house Motilal Oswal said in a note. Stock exchanges define an active user as one who has punched at least one trade in the past year. This number is net of new additions. Experts point out that market participation has been affected by the uncertain economic environment, lacklustre one-year returns and declining retail enthusiasm, leading to a consistent fall in the number of active participants since July 2022. Over the past nine-10 months, the Indian stock market has experienced sideways trading within a wide range. The volatility has been substantial, which often leads to newer participants, who typically enter the market with smaller capital, getting wiped out. They struggle to predict the market direction accurately and end up losing money. ""Since October 2022, market returns, especially in IT stocks, have been unfavourable. Many market participants have found themselves trapped in these stocks for an extended period,” Anil Kumar Bhansali, an analyst at Finrex Treasury Advisors, said. The advance-decline ratio has been tilted towards declines for the past nine-10 months, up until March 2023. While the markets have recently shown signs of recovery, most stocks remain stagnant within their previous ranges, failing to exhibit significant movement, he said. “It appears that the funds of small investors have become stuck in these accounts, leading to a decline in active users on the NSE"", Bhansali said. In FY23, the 30-pack Sensex gained 0.7 percent, while the broad-based Nifty slipped 0.6 percent. BSE mid and small indices declined 0.18 percent and 4.46 percent. Foreign investors sold shares worth $6.64 billion in FY23 against $17.06 billion in FY22. Another contributing factor is the challenging environment for option sellers in recent months due to volatility. ""The significant swings in either direction can result in substantial mark-to-market (MTM) losses, potentially wiping out their capital. Option selling carries the risk of unlimited losses if not adequately hedged, Rahul Ghose, Founder & CEO, Hedged, an algorithm-powered advisory platform, said. “Additionally, although to a lesser extent, the introduction of new margin norms, which require a minimum 50 percent cash component, could have also influenced the decrease in active user numbers.”","2023-05-26T09:40:47+05:30","2023-05-26T10:00:40+05:30",""
"Intl Travel Standalone September 2025 Net Sales at Rs 59.38 crore, down 2.56% Y-o-Y","Broker Research","","https://www.moneycontrol.com/news/business/earnings/intl-travel-standalone-september-2025-net-sales-at-rs-59-38-crore-down-2-56-y-o-y-13617683.html","","2025-10-15T13:55:39+05:30","2025-10-15T14:00:57+05:30",""
"Global stocks under a cloud as US political uncertainty adds to growth fears","Reuters","","https://www.moneycontrol.com/news/business/markets/global-stocks-under-a-cloud-as-us-political-uncertainty-adds-to-growth-fears-3324631.html","Global stock markets were heading into the year-end under a heavy cloud after another rout this week as US political uncertainty added to heightened concerns over slowing global economic momentum. Asian equities were shaky on Wednesday following the plunge in Wall Street on Christmas eve in the face of a series of unnerving US political developments, including a US federal government shutdown and President Donald Trump’s increasingly hostile stance toward the Federal Reserve chairman. US Treasury Secretary Steven Mnuchin had also raised market concerns by convening a crisis group amid the pullback in stocks. S&P 500 e-mini futures were effectively flat, pointing toward a subdued start for Wall Street when the US market reopens after Christmas Day, when many of the world’s financial markets were shut. MSCI’s broadest index of Asia-Pacific shares outside Japan dipped 0.1 percent. Japan’s Nikkei bounced 1.8 percent after diving 5 percent the previous day to a 20-month low and slipping into bear market territory. “In addition to concerns toward the US economy, the markets are now having to grapple with growing turmoil in the White House which has raised political risk ahead of the year-end,” said Masahiro Ichikawa, senior strategist at Sumitomo Mitsui Asset Management. US stocks have dropped sharply in recent weeks on concerns over weaker economic growth. Trump has largely laid the blame for economic headwinds on the Fed, openly criticizing its chairman, Jerome Powell, whom he appointed. That has further rattled investors as they grappled with fears of slowing global growth, corporate earnings and US-China trade tensions. In an effort to reassure investors, Treasury Secretary Mnuchin spoke on Sunday with the heads of the six largest US banks, who confirmed they have enough liquidity to continue lending and that “the markets continue to function properly.” US bond yields have declined as the market rout, including a steep sell-off in oil, prompted investors to move into safe-haven government debt, adding to the growing pressure on the dollar. The dollar traded at 110.56 yen after retreating to a four-month low of 110.00 overnight against its Japanese peer, which also tends to attract demand as a perceived safe-haven during times of market volatility and economic stress. The euro was 0.25 percent higher at $1.1418. The 10-year US Treasury note yield stood at 2.747 percent following a descent on Monday to 2.733 percent, lowest since early April. In commodities, US crude futures were up 1.35 percent at $43.11 per barrel after tumbling 6.7 percent on Monday. Oil prices plunged to the lowest level in more than a year on Monday, as bearish stocks added to fears of an economic slowdown. Safe-haven gold was well bid, with spot prices at a six-month peak of $1,270.25 per ounce.","2018-12-26T08:20:41+05:30","2018-12-26T08:20:41+05:30",""
"MCX Goldm November contract trades lower","","","https://www.moneycontrol.com/news/business/markets/mcx-goldm-november-contract-trades-lower-1432135.html","At 14:40 hrs MCX GOLDM October contract was trading at Rs 26020 down Rs 58, or 0.22 percent. The GOLDM rate touched an intraday high of Rs 26095 and an intraday low of Rs 26008. So far 3436 contracts have been traded. GOLDM prices have moved down Rs 529, or 1.99 percent in the October series so far.MCX GOLDM November contract was trading at Rs 26121 down Rs 45, or 0.17 percent. The GOLDM rate touched an intraday high of Rs 26170 and an intraday low of Rs 26107. So far 129 contracts have been traded. GOLDM prices have moved up Rs 1421, or 5.75 percent in the November series so far.MCX GOLDM December contract was trading at Rs 26215 down Rs 32, or 0.12 percent. The GOLDM rate touched an intraday high of Rs 26241 and an intraday low of Rs 26215. So far 11 contracts have been traded. GOLDM prices have moved down Rs 585, or 2.18 percent in the December series so far.","2015-09-15T14:50:53+05:30","2015-09-15T14:50:53+05:30",""
"KEC Intl Consolidated March 2020 Net Sales at Rs 3,671.00 crore, down 4.43% Y-o-Y","","","https://www.moneycontrol.com/news/business/earnings/kec-intl-consolidated-march-2020-net-sales-at-rs-3671-00-crore-down-4-43-y-o-y-5345641.html","","2020-06-02T09:31:28+05:30","2020-06-02T09:36:15+05:30",""
"Zydus Wellness Standalone March 2020 Net Sales at Rs 34.32 crore, up 0.62% Y-o-Y","","","https://www.moneycontrol.com/news/business/earnings/zydus-wellness-standalone-march-2020-net-sales-at-rs-34-32-crore-up-0-62-y-o-y-5352181.html","","2020-06-03T09:48:02+05:30","2020-06-03T09:52:11+05:30",""
"MRO-TEK Standalone December 2021 Net Sales at Rs 8.56 crore, down 19.6% Y-o-Y","","","https://www.moneycontrol.com/news/business/earnings/mro-tek-standalone-december-2021-net-sales-at-rs-8-56-crore-down-19-6-y-o-y-8070671.html","","2022-02-10T11:33:58+05:30","2022-02-10T11:41:19+05:30",""
"Stellar rally: Sensex soars 402 pts, Nifty closes at 8325","","","https://www.moneycontrol.com/news/business/markets/stellar-rally-sensex-soars-402-pts-nifty-closes-at-8325-1479649.html","Equity benchmarks surged for the second straight session Monday, even as players are divided on whether the rally can sustain. The 30-share Sensex closed at 27507.30, up 401.91 points or 1.48 percent over its previous close. The Nifty closed at 8325.25, up 133.75 points or 1.63 percent. In the last two sessions, the Sensex has risen around 908 points and the Nifty around 268 points. There was good demand for mid cap shares too, with S&P BSE Midcap Index gaining over 2 percent. Brokers attributed much of the rise in the last of couple of sessions to short covering of positions, and said there was not much of fresh buying by institutional investors. They said the possibility of the Fed deferring its rate hike beyond June, or even September, further boosted sentiment. “We think this (latest jobs data) will not be enough for the Fed to move in June maybe not even September because both we have seen is average hourly earnings are still stuck somewhat in a trading range, year-over-year (Y-o-Y) that number is up 2.2 percent which is not quite enough for the Fed to make a move,” Hans Goetti, head of investment-Asia, Banque Internationale, said in an interview to CNBC-TV18. “Our base case is a move by the Fed in September at the earliest could just as well be a little bit late to maybe December or even 2016,” he said. Auto, bank and metal shares were the star performers of the day. FMCG shares were the biggest laggards. Many market experts feel valuations are looking attractive after the near 10 percent decline from the record highs in March. “If you are a late comer to the party or a little sceptical around the edges this is actually an entry opportunity and you should be buying now,” said Dipan Sheth of HDFC Securities in an interview to CNBC-TV18 today. “It doesn’t mean markets can’t fall, of course not, they can, but the downside from here on looks limited and the upsides look much more promising than what they did maybe a month or two ago,” he said. Players tracking technical indicators say the Nifty holding above its 200-day moving average (DMA) is a reassuring sign. “The crossover of the 50 DMA and the 200 DMA are important signals for long-term trends on the market,” said Dipen Mehta, BSE & NSE member, in an interview to CNBC-TV18. “I think that if you go back to 2003 to 2007 bull market, there were five occasions where the 200 DMA was breached briefly for a few trading sessions and that acted as a support level and the markets rebounded from there,” he said. Bank of Baroda was among the prominent gainers of the day, with the stock rising 17 percent. The company’s fourth quarter earnings fell short of market expectations, but improvement in asset quality was better than what analysts had estimated. HDFC, State Bank of India, Infosys, ICICI Bank, Tata Motors and Sun Pharma were among the major contributors to the rally.","2015-05-11T16:08:51+05:30","2015-05-11T17:34:08+05:30",""
"Ganesh Benzo Standalone December 2020 Net Sales at Rs 63.41 crore, up 4.2% Y-o-Y","","","https://www.moneycontrol.com/news/business/earnings/ganesh-benzo-standalone-december-2020-net-sales-at-rs-63-41-crore-up-4-2-y-o-y-6515391.html","","2021-02-15T19:00:29+05:30","2021-02-15T19:14:51+05:30",""
"GE T&D India Standalone March 2021 Net Sales at Rs 904.47 crore, up 36.18% Y-o-Y","","","https://www.moneycontrol.com/news/business/earnings/ge-td-india-standalone-march-2021-net-sales-at-rs-904-47-crore-up-36-18-y-o-y-7017161.html","","2021-06-10T21:22:39+05:30","2021-06-10T21:27:21+05:30",""
"L&T Tech shares rise 3% on acquisition of California-based Intelliswift","Moneycontrol News","This acquisition expands L&T Tech's access to major tech and retail clients, enabling it to enter adjacent markets like retail, fintech, and private equity.","https://www.moneycontrol.com/news/business/markets/lt-tech-shares-rise-3-on-acquisition-of-california-based-intelliswift-12863499.html","Shares of rose over 3 percent after announcing its acquisition of California-based AI software firm Intelliswift for $110 million. This move aims to bolster L&T Tech's offerings in software product development, platform engineering, digital integration, data, and AI. At 9:16 AM, L&T Tech shares were trading nearly 3 percent higher at Rs 5,257. The stock has gained only about 1 percent on a year-to-date basis, underperforming the Nifty 50, which has risen over 11 percent during the same period. Intelliswift is known for serving four of the top five hyperscalers and catering to over 25 Fortune 500 companies. This acquisition expands L&T Tech's access to major tech and retail clients, enabling it to enter adjacent markets like retail, fintech, and private equity. Amit Chadha, CEO and MD of L&T Tech said, ""Software and AI are becoming essential for our clients seeking to bring new products and differentiated solutions for the consumer."" He added, ""The acquisition of Intelliswift strengthens our digital and software product engineering capabilities, expands strategic client partnerships with major technology spenders, boosts our presence in Silicon Valley, and advances us towards our USD 2 Billion medium-term goal."" The acquisition brings Intelliswift's industry-leading automation frameworks and expertise in platform engineering to L&T Tech. Intelliswift Founder and Executive Chairman, Pat Patel, said, ""Joining forces with a prominent Engineering & R&D services leader like LTTS is a strategic step forward for Intelliswift. Together, we aim to become the leading technology partner for major hyperscalers and companies worldwide that depend on us for business critical products and platforms, significantly enhancing our digital offerings.""  ","2024-11-12T09:24:48+05:30","2024-11-12T09:24:48+05:30",""
"Options Trade | A non-directional options strategy in GAIL","Moneycontrol Contributor","GAIL is expected to remain sideways within our range. An Iron Condor trade to capitalise on high volatility","https://www.moneycontrol.com/news/business/markets/options-trade-a-non-directional-options-strategy-in-gail-3-7866611.html","","2021-12-27T07:49:06+05:30","2021-12-27T07:49:06+05:30",""
"Jagan Litech Standalone December 2020 Net Sales at Rs 9.70 crore, up 54.19% Y-o-Y","","","https://www.moneycontrol.com/news/business/earnings/jagan-litech-standalone-december-2020-net-sales-at-rs-9-70-crore-up-54-19-y-o-y-6519761.html","","2021-02-16T10:33:16+05:30","2021-02-16T10:45:58+05:30",""
"KELTECH Energ Standalone September 2024 Net Sales at Rs 102.45 crore, up 5.91% Y-o-Y","","","https://www.moneycontrol.com/news/business/earnings/keltech-energ-standalone-september-2024-net-sales-at-rs-102-45-crore-up-5-91-y-o-y-12865641.html","","2024-11-13T11:44:48+05:30","2024-11-13T11:50:06+05:30",""
"Brakes Auto standalone Dec '14 sales at Rs 0.01 crore","","","https://www.moneycontrol.com/news/business/earnings/-1216197.html","","2015-02-19T13:26:56+05:30","2015-02-19T13:26:56+05:30",""
"LIC sells Cipla shares for Rs 665cr; cuts stake to 6.21%","","","https://www.moneycontrol.com/news/business/companies/-1655395.html","","2013-01-12T19:39:03+05:30","2013-01-12T19:41:46+05:30",""
"Brent oil futures fall below $58 as dollar hits 11-year high","","","https://www.moneycontrol.com/news/business/markets/brent-oil-futures-fall-below-3658-as-dollar-hits-11-year-high-1154917.html","Investing.com - Investing.com - Brent oil futures fell to the lowest level in more than two weeks on Tuesday, as a firmer dollar weighed on the commodities complex. The U.S. dollar index, which measures the greenback's strength against a trade-weighted basket of six major currencies, hit highs of 11-year highs of 98.18 on Tuesday. Dollar-denominated oil futures contracts tend to fall when the dollar rises, as this makes oil more expensive for buyers in other currencies. Demand for the dollar continued to be underpinned after the latest U.S. jobs report solidified expectations for higher interest rates. The Fed is expected to begin raising interest rates around the middle of this year and investors were looking ahead to next week's policy statement to see if it would drop its reference to being patient before raising rates. On the ICE Futures Exchange in London, Brent oil for April delivery hit an intraday low of $57.90 a barrel, a level not seen since February 19, before trading at $58.05 during European morning hours, down 48 cents, or 0.83%. On Monday, London-traded Brent prices tumbled $1.20, or 2.01%, to settle at $58.53 a barrel as investors focused on a surplus in global supplies. Elsewhere, on the New York Mercantile Exchange, crude oil for delivery in April dipped 34 cents, or 0.67%, to trade at $49.67 a barrel. A day earlier, Nymex oil prices ticked up 39 cents, or 0.79%, to end at $50.00 a barrel after data from industry research group Genscape showed a smaller than expected build at the Cushing, Oklahoma delivery point last week. Market participants now looked ahead to fresh weekly information on U.S. stockpiles of crude and refined products to gauge the strength of demand in the world's largest oil consumer. The American Petroleum Institute will release its inventories report later in the day, while Wednesday's government report could show crude stockpiles rose by 4.2 million barrels in the week ended March 6. Total U.S. crude oil inventories stood at 444.4 million barrels as of last week, the most in at least 80 years, indicating that cheap prices have yet to affect output. Industry research group (NYSE:BHI) said Friday that the number of rigs drilling for oil in the U.S. fell by 63 last week to 923, the lowest since June 2011. Market players have been paying close attention to the shrinking rig count in recent months for signs it will eventually reduce the glut of crude flowing into the market. Oil prices have fallen sharply in recent months as OPEC resisted calls to cut output, while the U.S. pumped at the fastest pace in more than three decades, creating a glut in global supplies. The spread between the Brent and the WTI crude contracts stood at $8.38 a barrel early on Monday, compared to $8.53 by close of trade on Monday. Elsewhere, government data released earlier showed that Chinese inflation for February picked up to 1.4%, above expectations for 0.9% and up from 0.8% in January. However, the producer price index fell by a more-than-expected 4.8% last month, underling concerns over the health of the world's second largest economy. China is the world's second largest oil consumer after the U.S. and has been the engine of strengthening demand. Meanwhile, investors continued to monitor talks surrounding Greek reform proposals between Greece and the Eurogroup of finance ministers. Greece reportedly agreed to allow experts representing the European Commission, ECB and International Monetary Fund to start work in Athens on Wednesday. Last month Greece reached a temporary agreement with its lenders to extend its bailout by four months, but must complete a bailout review by April before it can access further financial aid. ","2015-03-10T14:31:00+05:30","2015-03-10T14:31:00+05:30",""
"GoM on cess likely to seek six-month extension from GST Council on December 21 meet: Sources","Meghna Mittal","The GoM was initially scheduled to submit its report by December 31, 2024","https://www.moneycontrol.com/news/business/economy/gom-on-cess-likely-to-seek-six-month-extension-from-gst-council-on-december-21-meet-sources-12889389.html","The Group of Ministers (GoM) set up by the Goods and Services Tax (GST) Council to explore taxation mechanisms for luxury and demerit goods post-cess abolition will be seeking more time to finalise its recommendations in the Council’s upcoming meeting on December 21. According to sources, the GoM, chaired by Minister of State for Finance Pankaj Chaudhary, feels six months would suffice to finalise its report. “The deliberations in the GoM on cess are still ongoing. It will be discussed in the GST Council meet on December 21. The GoM will seek extension to submit its final report. Another six months should be enough to finalise the report on GST cess,” a source told Moneycontrol. The GST Council on the December 21 meeting will discuss the status of the report of GoM on cess, the person added. The GoM was initially scheduled to submit its report by December 31, 2024. However, its deliberations are ongoing, with additional legal and procedural complexities to address. ""The GoM is still mulling over various options and needs additional time to address legal aspects and finalise its proposals,"" another source had told Moneycontrol earlier. The GoM held its last meeting on December 2 in New Delhi. The GoM was established following the GST Council's 54th meeting in September 2024. It comprises 10 members, including representatives from Assam, Chhattisgarh, Gujarat, Karnataka, Madhya Pradesh, Punjab, Tamil Nadu, Uttar Pradesh, and West Bengal. The panel’s task is to recommend a new taxation structure to replace the compensation cess, which is set to end in March 2026. The GoM's recommendations hold significant implications for GST's future structure. It must determine whether to continue the cess or introduce additional taxes, define applicable rates, and assess required legislative amendments. The compensation cess, introduced at the onset of GST, is levied on luxury, sin, and demerit goods over and above the highest GST slab of 28 percent. Its primary purpose was to compensate states for revenue losses post-GST implementation. Initially intended for five years (ending June 2022), the cess was extended until March 2026 to repay Rs 2.69 lakh crore worth of taken during the COVID-19 pandemic to cover states' revenue shortfalls. If the loan is repaid earlier, the GoM will also have to decide on the treatment of excess cess collected. The GST law mandates that any surplus collected in the cess pool thereafter be equally shared between the Centre and states. Currently, GST operates on a four-tier structure of 5 percent, 12 percent, 18 percent, and 28 percent. The GST law permits a maximum rate of 40 percent.","2024-12-13T14:28:42+05:30","2024-12-13T14:32:33+05:30",""
"GOCL Corp Standalone December 2022 Net Sales at Rs 44.10 crore, up 14.57% Y-o-Y","","","https://www.moneycontrol.com/news/business/earnings/gocl-corp-standalone-december-2022-net-sales-at-rs-44-10-crore-up-14-57-y-o-y-10040731.html","","2023-02-09T14:44:54+05:30","2023-02-09T14:58:52+05:30",""
"Note ban hits microfinance firms' collections, disbursements","","","https://www.moneycontrol.com/news/business/companies/note-ban-hits-microfinance-firms-collections-disbursements-917707.html","The demonetisation drive announced a month ago has significantly affected collections and disbursements of microfinance firms, an industry body said today. This has happened because a majority of borrowers repay their in cash, whose supply was disrupted when Rs 500 and Rs 1,000 bills were declared invalid on November 8, Microfinance Institutions Network (MFIN), a self-regulatory body, said. ""The collections and disbursements at the ground level have been affected significantly in the wake of demonetisation of Rs 500 and Rs 1000 notes since a majority of borrowers repay their loans in cash,"" Ratna Vishwanathan, Chief Executive of MFIN, told reporters here. ""Further, there has been a misinterpretation of a Reserve Bank circular on ""Prudential Norms on Income Recognition, Asset Classification and Provisioning pertaining to Advances"" brought out on November 21, 2016,"" she said. It has given rise to certain misconceptions leading to borrowers believing loan payments have been deferred by 60 days. The circular is only for providing an additional 60 days for classification of standard assets to sub-standard assets as customers may need some time to make repayments because of withdrawal of legal tender status to existing Rs 500 and Rs 1,000 notes, Vishwanathan maintained. ""We request our borrowers not to believe in rumours that are being spread. Member institutions are working with customers without causing any stress to them. Customers, while inconvenienced at this point of time in getting legal tenders, are coming forward to repay as and when they get the same."" There is no blanket moratorium on loan repayment given by any NBFC or MFI. Customers are requested to pay loans as soon as possible with new notes to maintain good credit history, Vishwanathan said. ""We have requested the regulator (RBI) and Ministry of Finance for a customer-friendly solution so that credit history of our clients is not impacted,"" she added.","2016-12-07T21:52:08+05:30","2016-12-07T22:10:32+05:30",""
"GST closer to reality as Council clears final two bills","","","https://www.moneycontrol.com/news/business/economy/gst-closer-to-reality-as-council-clears-final-two-bills-2241491.html","The Goods and Services Tax (GST) Council, headed by Finance Minister Arun Jaitley, on Thursday approved the remaining two crucial supplementary bills — State GST (SGST) and Union Territory GST (UTGST) - moving the proposed July 1 implementation of the country's biggest tax reform closer to reality. ""The Council has granted formal approval to all five legislations,"" said Finance Minister Arun Jaitley after the Council's 12th meeting on Monday. Final drafts of the three other bills — Integrated GST (IGST), Central GST (CGST) and Compensation bill — had been cleared by the Council in its previous meetings. With all five draft laws now being given the green signal by the Council, they will next be sent to the Cabinet for approval and subsequently to Parliament, which is currently in session, for the final nod. Consent from both Lok Sabha and Rajya Sabha would conclude the legislative requirement for the rollout of the new indirect tax regime. Once the laws are passed, Jaitley said, two important acts remain. The first pertains to formulation of rules - five of which have already been approved. He said the Council would get the final draft of the other four rules by next week and discuss them at the GST Council's next meeting on March 31. Jaitley said that the next step after that would be the fitment of various commodities into tax slabs. ""After that [fitment], we will be ready for GST implementation,"" said the Finance Minister. The industry has been particularly looking as to how items would be categorised under various slabs as they need at least two-three months to prepare themselves to adjust to the shift in tax regime. The Council has agreed on a four-slab structure — 5, 12, 18 and 28 percent — along with a cess on luxury and ""sin"" goods such as tobacco. Jaitley said on Thursday that the cess has been capped at 15 percent for the four to five commodities including luxury cars and aerated drinks that fall in this category. Under the GST, the states and the Centre will collect identical rates of taxes on goods and services. For instance, if 18 percent is the GST rate on a product, both the states and the Centre will get 9 percent each called the CGST and SGST rates. The Centre will also levy and collect the IGST on all inter-state supply of goods and services. The IGST mechanism has been designed to ensure seamless flow of input tax credit from one state to another.","2017-03-16T18:46:50+05:30","2017-03-16T19:33:51+05:30",""
"We are regular in all payment obligations: Jet Airways","PTI","","https://www.moneycontrol.com/news/business/companies/we-are-regular-in-all-payment-obligations-jet-airways-2833941.html","today said it is ""regular"" in all payment obligations, including to the banks and the statutory dues. ""We are regular in all our payment obligations to all our banks and statutory dues including PF obligations. Our account with all the banks as on date is ""Standard"", Jet Airways said in a statement. The statement comes amid the airline deferring the announcement of its June quarter earnings without giving any specific reason. The Naresh Goyal-promoted airline, in which Gulf carrier Etihad holds 24 per cent stake, is grappling with financial woes and its share price has also taken a beating in recent weeks. ""We have continuously been working on various cost and revenue initiatives to mitigate the significant increase in fuel rates and depreciation in rupee, as there has not been any corresponding increase in fares,"" the airline said in the statement. The board of directors of Jet Airways, on August 9, deferred the matter of consideration of the unaudited financial results for the June quarter. Sources had said that regulator Sebi was also looking into the airline delaying June quarter results after the carrier's audit committee expressed reservations.","2018-08-11T20:18:05+05:30","2018-08-11T20:36:56+05:30",""
"GST Council meeting on August 27 to discuss compensation to states, seek consensus on market borrowing option","Kamalika Ghosh","","https://www.moneycontrol.com/news/business/economy/gst-council-meeting-on-august-27-to-discuss-compensation-to-states-seek-consensus-on-market-borrowing-option-5732861.html","The Goods and Services Tax (GST) Council is set to meet on August 27 to discuss the single-point agenda of compensation to states, a senior government official said. ""The meeting was supposed to take place in July, as announced by the FM (Nirmala Sitharaman). But the centre and the states have been busy with the Covid-19 situation and hence it got delayed. The issue of compensation to states would be the only agenda,"" the official said. The meeting will try to reach a consensus on the issue of market borrowing to solve the compensation problem. ""This (market borrowing) would be discussed extensively and the Council would try and sort this out immediately,"" the official said. The Centre had in March sought views from Attorney General K K Venugopal on the legality of market borrowing by the GST Council to make up for any shortfall in compensation fund - a corpus created from levy of additional tax on luxury and sin goods to compensate states for revenue shortfall arising from their taxes being subsumed into GST. The Attorney General has opined that the Centre has no statutory obligation to make up for any shortfall in GST revenues of states from its coffers. Following the AG's opinion, states may now have to look at market borrowings to meet the revenue shortfall. The options before the Council for meeting the shortfall could be to rationalize GST rates, cover more items under the compensation cess or increase the compensation cess, or recommend higher borrowing by states to be repaid by the future collection into the compensation fund. ""Raising tax or cess rates would be counter-intuitive during a pandemic. Probably the only feasible option at the moment is states borrowing from market against the consolidated fund of the state,"" the official said. Under the GST law, states were guaranteed to be compensated bi-monthly for any loss of revenue in the first five years of the GST implementation from July 1, 2017. The shortfall is calculated assuming a 14 percent annual growth in GST collections by states over the base year of 2015-16. Under the GST structure, taxes are levied under 5, 12, 18 and 28 percent slabs. On top of the highest tax slab, a cess is levied on luxury, sin and demerit goods and the proceeds from the same are used to compensate states for any revenue loss. The GST Council has to decide how to meet the shortfall in such circumstances and not the central government. The payment of GST compensation to states became an issue after revenues from the imposition of cess started dwindling since August 2019 and the Centre had to dive into the excess cess amount collected during 2017-18 and 2018-19. The Centre had released over Rs 1.65 lakh crore in 2019-20 as GST compensation. However, the amount of cess collected during the year 2019-20 was Rs 95,444 crore. The compensation payout amount was Rs 69,275 crore in 2018-19 and Rs 41,146 crore in 2017-18. ""The next GST Council meeting would be held in September. The agenda for that hasn't been finalised yet,"" another government official said.","2020-08-20T13:31:35+05:30","2020-08-20T13:33:06+05:30",""
"Deustche Bank, HSBC, HDFC Bank, Citi Bank settle with Sebi following allegations of FPI norms violations","Asha Menon","","https://www.moneycontrol.com/news/business/markets/deustche-bank-hsbc-hdfc-bank-citi-bank-settle-with-sebi-following-allegations-of-fpi-norms-violations-12385671.html","Deutsche Bank AG, The Hongkong and Shanghai Banking Corporation Ltd, HDFC Bank and Citi Bank NA have settled with the , following an examination by the regulator into the banks' alleged violations of Sebi (Foreign Portfolio Investors) Regulations. The banks were examined in their role as designated depository participants (DDPs). DDPs can issue registration to FPIs and certify them, after doing the due diligence. The banks have paid Rs 11.05 lakh, Rs 10.87 lakh, around Rs 9.18 lakh and Rs 8.25 lakh respectively, as settlement amount, without admitting or denying the findings and conclusions. The details were given in a Securities and Exchange Board of India (Sebi) order dated February 29. A common showcause notice dated June 19, 2023, had been issued to the banks and the notice alleged the following. One, Deutsche Bank AG had granted registration/renewal to certain FPIs which were ineligible as per the SEBI (FPI) Regulations and has violated provisions of Regulation 4(d) of the SEBI (FPI) Regulations, 2019. Two, The Hongkong and Shanghai Banking Corporation Limited had granted registration /renewal to certain FPIs which were ineligible as per the SEBI (FPI) Regulations, 2019 and has violated provisions of Regulation 4(d) and 4 (e) of the SEBI (FPI) Regulations. Three, HDFC Bank Limited had permitted a FPI to transact in Indian securities market, despite being ineligible in terms of the SEBI (FPI) Regulations, 2019 and has violated provisions of Regulation 4(f) of the SEBI (FPI) Regulations. Four, Citi Bank N.A. has granted registration/renewal to FPIs which are ineligible as per the SEBI (FPI) Regulations, 2019 and have violated provisions of Regulation 4(e) of the SEBI (FPI) Regulations. The Sebi settlement order stated that, pending adjudication proceedings that were initiated through the showcause notice dated June 19, 2023, the banks proposed to settle the instant proceedings initiated against them, without admitting or denying the findings of facts and conclusions of law. Their applications and settlement terms were considered and cleared by internal committee of Sebi and by the High Powered Advisory Committee.","2024-03-01T18:16:05+05:30","2024-03-01T18:16:05+05:30",""
"Embassy Office Standalone March 2024 Net Sales at Rs 386.74 crore, down 28.27% Y-o-Y","","","https://www.moneycontrol.com/news/business/earnings/embassy-office-standalone-march-2024-net-sales-at-rs-386-74-crore-down-28-27-y-o-y-12748436.html","","2024-06-14T09:23:48+05:30","2024-06-14T09:31:24+05:30",""
"Richfield Fin Standalone December 2022 Net Sales at Rs 0.11 crore, up 137.07% Y-o-Y","","","https://www.moneycontrol.com/news/business/earnings/richfield-fin-standalone-december-2022-net-sales-at-rs-0-11-crore-up-137-07-y-o-y-10153191.html","","2023-02-24T12:22:34+05:30","2023-02-24T12:34:05+05:30",""
"Shriram Asset standalone Sep '14 sales at Rs 0.08 crore","","","https://www.moneycontrol.com/news/business/earnings/-1533335.html","","2014-10-22T19:05:45+05:30","2014-10-22T19:05:45+05:30",""
"GAIL Consolidated December 2019 Net Sales at Rs 17,882.74 crore, down 11.55% Y-o-Y","","","https://www.moneycontrol.com/news/business/earnings/gail-consolidated-december-2019-net-sales-at-rs-17882-74-crore-down-11-55-y-o-y-4927641.html","","2020-02-10T15:52:28+05:30","2020-02-10T15:57:26+05:30",""
"IT Department to launch new e-filing portal for taxpayers on June 7","PTI","","https://www.moneycontrol.com/news/business/economy/it-department-to-launch-new-e-filing-portal-for-taxpayers-on-june-7-6917611.html","The Income Tax Department is expected to launch a new e-filing web portal for taxpayers, which they use to file routine ITRs and perform other tax-related works, early next month, officials said on Thursday. The existing web portal will be shut for six days between June 1-6. Officials said the new portal will be made more user-friendly. An order issued by the systems wing of the department on Wednesday said the ""transition"" from the old portal -- www.incometaxindiaefiling.gov.in -- to the new --www.incometaxgov.in -- will be completed and made operational from June 7. ""In preparation of this launch and for migration activities, the existing portal of the department at www.incometaxindiaefiling.gov.in would not be available for a brief period of six days from June 1 to 6,"" the order said. The exiting portal will ""not be available"" to both the taxpayers as well as Income Tax Department officers during this period, it said. ""All officers may be directed to fix any hearing or compliances only from June 10 onwards to give taxpayers time to respond to the new system,"" it said. Any work scheduled between the taxpayer and the assessing officer of the department may be preponed or adjourned, the order said. The e-filing portal is used by the taxpayers to file their individual or business category income tax returns (ITRs) and also to raise complaints seeking refunds and other works with the tax department. The taxman uses it to issue notices, get responses from the taxpayer and respond to their queries and to communicate final orders like assessments, appeals, exemption and penalties, among others.","2021-05-20T12:59:11+05:30","2021-05-20T12:57:06+05:30",""
"Nile Consolidated March 2024 Net Sales at Rs 174.12 crore, down 19.79% Y-o-Y","","","https://www.moneycontrol.com/news/business/earnings/nile-consolidated-march-2024-net-sales-at-rs-174-12-crore-down-19-79-y-o-y-2-12760527.html","","2024-07-02T13:00:57+05:30","2024-07-02T13:12:18+05:30",""
"Technical View: Nifty bears may take charge if 25,000 support breaks; Bank Nifty holds above 20-day EMA","Sunil Shankar Matkar","Weekly options data emphasized 25,200 as a critical zone for any upward move for the Nifty 50. Sustaining below this level could drag the index toward the 24,900 support.","https://www.moneycontrol.com/news/business/markets/technical-view-nifty-bears-may-take-charge-if-25-000-support-breaks-bank-nifty-holds-above-20-day-ema-13290584.html","The Nifty 50 ended a two-day winning streak and closed 0.4 percent lower on July 17. The index tested its 20-day exponential moving average (EMA) at 25,230 for the third consecutive session but failed to hold above it, signalling a strong overhead hurdle. Experts suggest that unless the index decisively surpasses this level, the current consolidation phase may continue, with immediate support at 25,000, followed by 24,900. However, sustaining above the 20-day EMA could open the door to 25,400. The index opened moderately higher at 25,231 and touched an intraday high of 25,238 in early trade. However, it quickly gave up gains and extended losses through the session, hitting a day’s low of 25,101. Nifty closed near the day’s low at 25,111, down 101 points, forming a bearish candle on the daily charts, which indicates continued weakness. Momentum indicators signaled further signs of consolidation and weakness as the Relative Strength Index (RSI) fell below the neutral 50 mark to 47.56, and the MACD histogram weakened again, despite showing some improvement in the previous session. According to Nagaraj Shetti, Senior Technical Research Analyst at HDFC Securities, Nifty’s recent weak bounce from the 25,000 support suggests that a retest of the level is likely in the short term. He noted, “The upper area of 25,250 is likely to be a strong overhead hurdle, while the lower area of 25,000–24,900 remains a crucial support zone in the near term.” Weekly options data emphasized 25,200 as a critical zone for any upward move. Sustaining below this level could drag the index toward the 24,900 support. The maximum Call open interest was seen at the 25,200 strike, followed by the 25,550 and 25,300 strikes, with the maximum Call writing at the 25,200 strike, followed by the 25,500 and 25,300 strikes. The 25,200 strike holds the maximum Put open interest, followed by the 24,900 and 25,000 strikes, with the maximum Put writing at the 24,900 strike, followed by the 25,100 and 25,200 strikes. The Bank Nifty also came under pressure, ending a three-day winning streak with a loss of 340 points, closing at 56,829. The index formed a long bearish candle and failed to close above the falling resistance trendline, which is considered negative. However, it continued to defend its 20-day EMA at 56,800 for the fourth straight session, making this zone crucial for further direction. A key technical observation involves the RSI. Despite a brief recovery in the previous two sessions, the daily RSI failed to cross the 60 level, a zone often linked with bullish strength. According to Sudeep Shah, Head – Technical and Derivatives Research at SBI Securities, the failure to sustain above this mark, followed by a decline, indicates weakening momentum and fading strength in the recent bounce. Looking ahead, Shah noted that the zone of 56,600-56,500 will act as crucial support for the index. If the index slips below 56,500, then the next crucial support is placed at the 56,100 level. On the upside, “the zone of 57,200-57,300 will act as an important hurdle for the index,"" he said. Meanwhile, the India VIX—the market’s volatility gauge—remained in the lower zone, contributing to overall market stability. However, with the Nifty hovering near critical support and resistance levels, the low VIX around 11.24 may also be a sign of investor complacency, implying that a sharp move in either direction can't be ruled out. The index rose slightly by 0.02 percent to settle at 11.24.","2025-07-17T17:07:00+05:30","2025-07-17T17:07:11+05:30",""
"India's fuel consumption falls 18% as coronavirus eviscerates energy demand","PTI","","https://www.moneycontrol.com/news/business/economy/indias-fuel-consumption-falls-18-as-coronavirus-eviscerates-energy-demand-5126511.html","India's fuel consumption in March shrank by 18 percent, the biggest decline in more than a decade, as a nationwide lockdown halted economic activity and travel. India's petroleum product consumption fell 17.79 percent to 16.08 million tonnes in March as diesel, petrol and aviation turbine fuel (ATF) demand fell, according to official data released on Thursday. Diesel, the most consumed fuel in the country, saw demand contract by 24.23 percent to 5.65 million tonnes. This is the biggest fall in diesel consumption the country has recorded as most trucks went off-road and railways stopped plying trains. Petrol sales dropped 16.37 percent to 2.15 million tonnes as the 21-day nationwide lockdown enforced to prevent the spread of COVID-19 took most cars and two-wheelers off the road.","2020-04-09T13:33:06+05:30","2020-04-09T13:38:29+05:30",""
"Operation Twist: RBI to conduct simultaneous sale-purchase of govt securities next week","PTI","","https://www.moneycontrol.com/news/business/economy/operation-twist-rbi-to-conduct-simultaneous-sale-purchase-of-govt-securities-next-week-6290991.html","The RBI on Thursday announced it will conduct simultaneous purchase and sale of government securities under Open Market Operations (OMO) for Rs 10,000 crore each on January 7, 2021. The decision was taken after a review of current liquidity and financial conditions, the Reserve Bank said in a statement. Simultaneous purchase and sale of G-sec under OMOs, popularly known as Operation Twist, involves purchasing the securities of longer maturities and selling an equal value of securities of shorter maturities. On January 7, the RBI will purchase three government securities (G-Sec) of different maturity dates aggregating to Rs 10,000 crore and sell two securities aggregating to the same amount using the multiple price auction method. The RBI further said it reserves the right to decide on the quantum of purchase/sale of the securities. The result of the auctions will be announced on the same day. The result of the auctions will be announced on the same day. ","2020-12-31T19:54:36+05:30","2020-12-31T19:54:56+05:30",""
"Options Trade | A low-risk options strategy in GAIL","Moneycontrol Contributor","A long call condor trade in GAIL","https://www.moneycontrol.com/news/business/markets/options-trade-a-low-risk-options-strategy-in-gail-6741831.html","","2021-04-08T07:27:02+05:30","2021-04-08T07:27:02+05:30",""
"Moneycontrol Pro Weekender: Doubting the Fed","Manas Chakravarty","","https://www.moneycontrol.com/news/business/markets/moneycontrol-pro-weekender-doubting-the-fed-9823131.html",", Keeping up the fine old traditions, we at Moneycontrol Pro have peered into crystal balls, read the tea leaves, consulted the stars and experts, and pored over charts to foretell what 2023 will bring for the markets, for business and for the economy. The most important method of fortune-telling in 2023, however, would call for inspecting the entrails of Fed chair Jerome Powell, a course of action denied us, no doubt much to the dismay of market punters aggrieved by his policies. Fortunately, we have a more conventional alternative available, in the minutes of the Fed meetings. And the minutes of the last Fed meet are rather hawkish. They talk of the US labour market remaining very tight, with the unemployment rate near a historically low level, robust payroll gains, a high level of job vacancies, and elevated nominal wage growth. Participants at the Fed meeting stressed that “it would take substantially more evidence of progress to be confident that inflation was on a sustained downward path”. The minuets add, “A number of participants emphasised that it would be important to clearly communicate that a slowing in the pace of rate increases was not an indication of any weakening of the Committee’s resolve to achieve its price- stability goal or a judgment that inflation was already on a persistent downward path.” But here are perhaps the two most important points in the minutes. One of them is: “No participants anticipated that it would be appropriate to begin reducing the federal funds rate target in 2023.’’ The second one is: “Participants noted that, because monetary policy worked importantly through financial markets, an unwarranted easing in financial conditions, especially if driven by a misperception by the public of the Committee’s reaction function, would complicate the Committee’s effort to restore price stability.’’ The Chicago Fed’s Adjusted National Financial Conditions Index shows that it is now at the same level as it was back in early March 2022, before the Fed’s rate hikes began. Fed members are understandably glum. As for the assertion that the policy rate won’t be reduced in 2023, the CME Group’s Fedwatch tool shows that according to the markets, the probability of the Fed Funds rate being 450-475 basis points or lower at the end of this year is 53 percent. That’s a 25 basis point drop from the peak rate of 475-500 basis points expected by the markets. In other words, the market simply doesn’t believe the Fed. It is this scepticism that has been the reason for the markets being supported, and for the periodic rallies. Ironically, a rally in the stock markets loosens financial conditions further, which the Fed is keen to avoid. Why does the market doubt the Fed’s resolve? One, it’s difficult to forget the experience of the last couple of decades, when the Fed cheered on the markets. Two, there’s a view that growth will crater, leading the Fed to rapidly pivot. And three, inflation will come down rapidly and the Fed will have no reason to maintain a tight money policy. Base effects will magnify the fall in inflation. Jefferies’ Chris Wood summed up this view in his Greed & Fear newsletter: “If CPI rises by 0.1 percent MoM for the next six months (i.e., a repeat of what happened in November), CPI falls to 3 percent YoY in May and 1.7 percent YoY in June. If month on month increases are 0.2 percent, CPI still falls to 3.6 percent and 2.4 percent YoY in May and June. This is why there is a much better chance of a U-turn by the Fed than currently perceived to be the case by markets….”. Continuing with the crystal ball gazing, here is —from peak dollar to better TV to blue birds. Blue birds, he says, are rare unforeseeable events that bring joy, such as a breakout of peace in the Ukraine. As the poet Charles Bukowski wrote, “There’s a bluebird in my heart that/wants to get out/but I’m too tough for him.” Our columnist called the Year of the Rabbit one of recession, recovery and rebound. , free to read for MC Pro subscribers, talked about business trends, risks and people to watch in 2023. We wrote about this year, while columnist discussed why markets may rally this month. The Eastern Window explained why . For a less upbeat view on central bank policy, read on the IMF’s Gita Gopinath urging the Fed to stay the course this year. And for the unsettling view that we could see a fundamental reset in the global economy and markets, please read . What about the Indian markets? The PMI data show that momentum in the Indian private sector is far ahead of other countries. Indeed, we made the point that if it is so good, in the forthcoming Indian Budget. There are many other indications of a robust recovery. continue to maintain momentum, driven by a pick-up in economic activity. Systemic credit growth is strong and too has started improving. The has gone up in the last three months, indicating an industrial recovery. The is on track despite the thrust on clean energy. Nevertheless, India will not remain immune to global headwinds. points out the disparity between the manufacturing PMI data and the IIP numbers and urges caution. are stuttering. shows that rural demand continues to lag. The government is facing . in December is merely a statistical illusion. As from brokerage Motilal Oswal points out, nominal GDP growth in 2023-24 is likely to be much lower than for the current fiscal. This will lead to slower corporate sales growth and weaker bank credit expansion. The note says, “Overall, slower GDP growth could have serious implications for the macro economy, and many of them are likely to play out over the next 12-18 months.” My colleague Abhijit Dutta has underlined the in 2023-24. Coming to the Union Budget, IndusInd Bank chief economist has cautioned about India’s elevated twin deficits, while the . Taking all these factors into consideration, Hemant Kanawala, the head of equities at Kotak Mahindra Life Insurance Company, says . Our predicts a clearer path for both equity and debt in the second half of the year. There is another reason for scepticism about the Fed’s claim that it will not ease monetary policy this year -- its record of projecting the Fed Funds rate doesn’t inspire much confidence. In December 2022, it projected a Fed Funds rate of 0.9 percent at the end of 2022 — the rate is now at 4.25-4.5 percent. And, before the pandemic years, in December 2018, it projected a Fed Funds rate of 2.9 percent at the end of 2019 — the actual rate in December 2019 was 1.5-1.75 percent. Be that as it may, the market is desperately telling the Federal Reserve, in the immortal words of Rihanna’s hit song: ’. When she sings ‘DJ, let it play’, could she possibly be referring to Dear Jerome? Incidentally, that song was released in September 2007, a year before the music stopped. Cheers, Manas Chakravarty Here are some of the stories and insights we published this week, apart from our technical picks in the equity, forex and commodity markets: Is there an opportunity to invest in the ? in a sweet spot Why are under pressure Food Specialities The new : blockchain could upend banking Macros have the knives out for in 2023 is sending SOS signals What will it take for India to ? to remain on slippery track this year The in RBI’s Financial Stability Report Indian a picture of resilience : EVs will reach critical mass this year The Green Pivot: —a bitter-sweet punch of 3Ps India, China locked in a race to lead transition We also need a Nine steps to reach the : Why family businesses score better than new-age start-ups is vital for both national and industry health The —an exercise in futility A for capital market regulation in 2023 ","2023-01-07T12:05:04+05:30","2023-01-07T12:05:04+05:30",""
"Step Two Corp Standalone December 2018 Net Sales at Rs 0.09 crore, up 4.86% Y-o-Y","","","https://www.moneycontrol.com/news/business/earnings/step-two-corp-standalone-december-2018-net-sales-at-rs-0-09-crore-up-4-86-y-o-y-3534521.html","","2019-02-14T10:49:27+05:30","2019-02-14T11:19:25+05:30",""
"ADC India Comm Standalone September 2023 Net Sales at Rs 48.10 crore, up 31.76% Y-o-Y","","","https://www.moneycontrol.com/news/business/earnings/adc-india-comm-standalone-september-2023-net-sales-at-rs-48-10-crore-up-31-76-y-o-y-11686541.html","","2023-11-07T14:55:50+05:30","2023-11-07T15:14:26+05:30",""
"Pfizer Q4 net profit spikes 57% to Rs 67 cr","","","https://www.moneycontrol.com/news/business/earnings/pfizer-q4-net-profit-spikes-57-to-rs-67-cr-1017332.html","Drug firm today reported a 56.9 percent rise in its stand-alone net profit at Rs 66.9 crore for the March quarter. The company had posted net profit of Rs 42.7 crore for the same period in the previous fiscal, Pfizer said in a BSE filing. Stand-alone total income from operations rose to Rs 515.1 crore for the quarter under review as against Rs 463.1 crore a year ago. For the entire 2015-16, the company posted a net profit of Rs 222.8 crore as against Rs 69.8 crore in the year-ago period. Stand-alone total income from operations soared to Rs 2,017 crore for the fiscal compared with Rs 1,853.3 crore for 2014-15. In a separate filing, Pfizer said its board of directors has recommended a dividend of Rs 15 for 2015-16. The stock today closed 1.95 percent up at Rs 1,779.90 on BSE.","2016-05-06T16:16:03+05:30","2016-05-06T16:19:09+05:30",""
"Minaxi Textiles Standalone December 2018 Net Sales at Rs 9.40 crore, down 31.73% Y-o-Y","","","https://www.moneycontrol.com/news/business/earnings/minaxi-textiles-standalone-december-2018-net-sales-at-rs-9-40-crore-down-31-73-y-o-y-3523871.html","","2019-02-12T17:16:17+05:30","2019-02-12T17:20:55+05:30",""
"IND-AGIV Commer standalone Dec '14 sales at Rs 1.37 crore","","","https://www.moneycontrol.com/news/business/earnings/-1223017.html","","2015-02-17T14:23:52+05:30","2015-02-17T14:23:52+05:30",""
"L&T secures order worth up to Rs 5,000 crore in Saudi Arabia; shares gain","Moneycontrol News","L&T shares gained in Thursday's trading session after bagging a large order worth up to Rs 5,000 crore in Saudi Arabia.","https://www.moneycontrol.com/news/business/markets/l-t-secures-order-worth-up-to-rs-5-000-crore-in-saudi-arabia-shares-gain-12963910.html","L&T shares gained in Thursday's trading session after bagging a large order worth up to Rs 5,000 crore in Saudi Arabia. The Water & Effluent Treatment (WET) Business of L&T along with Lantania of Spain has signed a contract with ACWA Power, a major developer in the Middle East to build the Ras Mohaisen Desalination plant in the Kingdom of Saudi Arabia. The desalination plant will have a capacity of 300,000m3/day. The project’s scope includes design, procurement, construction, testing and commissioning of a seawater reverse osmosis desalination plant, the company said. The plant will serve as a drinking water source for Makkah Al-Mukarramah and Al-Baha regions, benefiting about one million population. The company in an exchange filing, said ""This is the second desalination order that L&T has received in Saudi Arabia in the recent past and it strengthens WET’s presence in the Middle East region. This large order underscores WET’s resolve to expand its regional footprint across all neighboring and business-conducive geographies."" Shares of traded flat at Rs 3,201.5 per share on the NSE, up 0.25 percent. ","2025-03-13T13:55:12+05:30","2025-03-13T13:55:28+05:30",""
"M&M, Tata Motors, TCS, Maruti to get astro support: Gupta","","","https://www.moneycontrol.com/news/business/markets/mm-tata-motors-tcs-maruti-to-get-astro-support-gupta-1348467.html","Today’s planetary position: Moon will be transiting in Leo. Jupiter & Venus in Cancer. Sun & Mercury in Leo. Ketu in Pisces. Lord Saturn & Mars in Libra. Lord Rahu in Virgo. Pluto in Sagittarius. Neptune in Aquarius & Uranus in Pisces. Be cautious – Planets rahu and Ketu have changed their houses on July 12, 2014. It may be that certain sectors which were continuously getting support for long time may stop receiving support due to change in position by above planets & stocks of those sectors starts coming down, resulting in losses. This is common reason, why most of traders/investors loss money. Rahu Kal Time: - 12:00 – 13:30 Following sectors will be getting astrological support: Auto: . , , etc. Technology: , , , , , etc. Every year with commencement on new Samvat (Hindu New Year), astrologically, based on planetary position, certain new sectors start getting astrological support & outperform, while others remain laggard. During last samavat 2070 among other sectors, pharma and IT sectors received strong astrological support and outperformed. One should trade only in the stocks of that sectors which are getting very strong astrologically support, since the chances of losing money in such stocks are very less. Sectors which get strong astro support are not normally affected by downfall in the market. The views and investment tips expressed by investment experts on moneycontrol.com are their own, and not that of the website or its management. Moneycontrol.com advises users to check with certified experts before taking any investment decisions.","2014-08-27T10:49:49+05:30","2014-08-27T10:49:49+05:30",""
"Budget, Q3 earnings, global factors to drive stock market this week: Experts","PTI","","https://www.moneycontrol.com/news/business/economy/budget-q3-earnings-global-factors-to-drive-stock-market-this-week-experts-3441241.html","The stock market is likely to track a host of key domestic and global events this week like the interim Budget for 2019-20, January derivatives expiry, quarterly earnings from bluechips and the US Fed interest rate decision, say experts. ""Market may extend the range bound movement as global risk factors like the US-China trade talks and growth concern continued to gain investors' attention,"" said Vinod Nair, Head of Research, Geojit Financial Services. A lot of events are lined up - like the Budget, Federal Open Market Committee (FOMC) meet, quarterly results of Axis Bank, ICICI Bank, Bajaj Finance, IOC and HCL, said Mustafa Nadeem, CEO, Epic Research. Among major quarterly results to be announced this week are from Bank of India, Canara Bank, Axis Bank, Bank of Baroda, HCL Technologies, HDFC, Bajaj Auto, ICICI Bank, Hero MotoCorp, Dr Reddy's Laboratories and SBI. The government on February 1, would unveil the interim Budget for 2019-20. Investors are also likely to take cues from foreign fund flow. Going ahead, key corporate results and trade negotiations between the US and China will dictate market sentiment, said Paras Bothra, President, Equity Research, Ashika Stock Broking. According to provisional data on BSE, foreign portfolio investors (FPIs) bought shares worth a net of Rs 689.28 crore, while domestic institutional investors (DIIs) sold shares worth Rs 147.35 crore on January 25. January month derivatives expiry on January 31 and announcement of PMI data for the manufacturing sector on February 1  may also influence trading sentiment, experts said. During the past week, the BSE benchmark Sensex fell 361 points and the NSE Nifty fell 126 points.","2019-01-27T12:59:04+05:30","2019-01-27T13:11:20+05:30",""
"DoT panel for clipping TRAI powers in telecom license issue","","","https://www.moneycontrol.com/news/business/companies/-1806315.html","","2013-01-15T22:21:44+05:30","2013-01-15T22:28:56+05:30",""
"Angel One Consolidated December 2023 Net Sales at Rs 1,059.00 crore, up 47.39% Y-o-Y","","","https://www.moneycontrol.com/news/business/earnings/angel-one-consolidated-december-2023-net-sales-at-rs-1059-00-crore-up-47-39-y-o-y-12066231.html","","2024-01-17T10:11:52+05:30","2024-01-17T10:49:39+05:30",""
"Pidilite Ind consolidated Mar '15 sales at Rs 1,043.53 crore","","","https://www.moneycontrol.com/news/business/earnings/-1449687.html","","2015-05-22T10:52:44+05:30","2015-05-22T10:52:44+05:30",""
"Mega sale of Advent-backed Bharat Serums & Vaccines: Who are the 3 suitors in the final lap?","Ashwin Mohan","Moneycontrol was the first to report the firm's sale plans on December 2. Advent International is expecting a valuation between $1.5 bn to $2bn for its portfolio company, the report had added.","https://www.moneycontrol.com/news/business/companies/mega-sale-of-advent-backed-bharat-serums-vaccines-who-are-the-3-suitors-in-the-final-lap-12761357.html","The ongoing big-bang sale process of private equity major Advent International-backed top biopharmaceutical firm Bharat Serums & Vaccines ( BSV) has boiled down to a three-way race, four persons in the know told Moneycontrol on the condition of anonymity. ""A consortium of Swedish private equity firm EQT and ADIA ( Abu Dhabi Investment Authority), domestic pharma major Mankind Pharma and a consortium of ChrysCapital, Warburg Pincus and Mubadala have been selected for the next round post submission of initial bids,"" one of the persons quoted above said. Moneycontrol was the of BSV on December 2. This was followed by a December 20 that said investment banks JP Morgan and Jefferies had been picked as sell side advisors for the deal. Two other persons also confirmed that the above three suitors have been shortlisted for the next stage of the proposed transaction. They told Moneycontrol that the submission of binding bids is expected in mid-July. With BSV having an established market position in its product segments and strong R&D capabilities, Advent International is expecting a valuation between $1.5 billion to $2 billion for its portfolio company , as per the Moneycontrol report. A fourth person said the EQT led consortium and Mankind Pharma had been more aggressive in terms of financial bids and both parties were the frontrunners but also added that the ChrysCapital combine had more experience in striking deals across the pharma segment. When contacted, Advent International and EQT declined to comment. Email queries to ADIA, Mankind Pharma, ChrysCapital, Warburg Pincus and Mubadala were left unanswered at the time of publishing this article. In May, Moneycontrol reported that a had evinced interest in the BSV sale process. Mankind Pharma and ChrysCapital had joined hands earlier in the race for Apax Partners backed medical devices player Healthium Medtech, which was eventually won by KKR. Further, in an in April, Jean Salata, Chairperson of EQT Asia and Head of Private Capital Asia, shared that EQT is considering deploying $5 billion in India this year across sectors like IT, pharma/healthcare and financials. Incidentally, to unlock value in another portfolio company - India's largest rigid plastic packaging firm Manjushree Technopak. A sale process is in the works though Advent also wants to keep the IPO option handy, according to an earlier Moneycontrol report. Advent announced the buyout of a controlling stake in Bharat Serums in November 2019, providing a complete exit to the erstwhile investors, Orbimed Asia and Kotak PE. A partial exit was given to the founders, the Daftary family. Back then, the deal valued the firm around $500 million. Mumbai-based Bharat Serums and Vaccines Limited was set up in 1971 and is engaged in the development, manufacturing and marketing of biological, biotech and pharmaceutical formulations. According to a note by ICRA Ratings dated September 11, 2023, its product profile comprises plasma derivatives, monoclonal, fertility hormones, antitoxins, antifungals, anaesthetics, cardiovascular drugs, diagnostic products and more. The firm has a key manufacturing facility at Ambernath and another smaller facility at Thane. It also has a horse farm in Hyderabad, an R&D unit at Navi Mumbai and four wholly-owned subsidiaries in the US, Germany, the Philippines and India.","2024-07-03T12:47:02+05:30","2024-07-03T12:47:02+05:30",""
"Universal Cable Standalone December 2020 Net Sales at Rs 370.38 crore, down 6.36% Y-o-Y","","","https://www.moneycontrol.com/news/business/earnings/universal-cable-standalone-december-2020-net-sales-at-rs-370-38-crore-down-6-36-y-o-y-6518871.html","","2021-02-16T10:11:43+05:30","2021-02-16T10:22:34+05:30",""
"Tata Motors shares rise as brokerages reiterate bullish stance on growth prospects","Veer Sharma","The country's largest EV player announced plans to invest between Rs 16,000 crore and Rs 18,000 crore into its electric vehicle (EV) division until 2029–30 (FY30).","https://www.moneycontrol.com/news/business/markets/tata-motors-shares-rise-as-brokerages-reiterate-bullish-stance-on-growth-prospects-12746382.html","Shares of rose nearly 2.3 percent to Rs 1,010 in early trade on June 12, continuing a fifth consecutive session of gains. Brokerages maintain bullish stance on the stock, buoyed by strong growth prospects outlined by the company during its investor meet. On June 11, the leading EV player unveiled investment plans of Rs 16,000-18,000 crore for its electric vehicle division until FY30. Jefferies has issued a buy call on Tata Motors, setting a target price of Rs 1,250 per share. The firm reiterates the company's focus on strengthening its brand and improving profitability across its passenger vehicles (PVs) and commercial vehicles (CVs) segments. Tata Motors aims to increase its market share in PVs to 16 percent by FY27 and to 18-20 percent by FY30. Additionally, Tata Motors targets achieving a double-digit EBITDA margin in both its CV and PV (Internal Combustion Engine) segments and aims to break even in its electric vehicle (EV) segment by FY26. The management also said it is confident of achieving financial stability by becoming net debt-free by fiscal year 2025. Additionally, the Nexon maker has set a targets of achieving a market share of over 25 percent across various segments. Morgan Stanley has assigned an equal-weight rating with a target price of Rs 1,100 per share. The company's individual business units are now self-sustaining, making demergers the next logical step to further empower the business. The supportive macroeconomic environment is expected to extend the commercial vehicle (CV) business cycle, analysts said in a recent note. The ICE segment is projected to generate positive and growing free cash flow (FCF), while the EV segment is expected to achieve neutral FCF in the medium term. IncCred Equities is of the view that Tata Motors' commercial vehicle (CV) division has achieved an impressive return on capital employed (RoCE) of 36 percent in a year with flat volume growth. Although the demerger process may take a year to complete, Incred prefers the CV business post-demerger. The gradual recovery in Tata Motors' India PV business and Jaguar Land Rover (JLR) performance has led to a reduced rating. At about 9:45 am, shares of the company were trading at Rs 1,008, up 2 percent from the last close on the NSE. Tata Motors share have rallied six percent in the past week.","2024-06-12T09:31:25+05:30","2024-06-12T09:46:55+05:30",""
"Vinod Rai in race for Banks Board Bureau chairman post","","","https://www.moneycontrol.com/news/business/companies/vinod-rairace-for-banks-board-bureau-chairman-post-1035833.html","Former CAG Vinod Rai and prominent bankers Naina Lal Kidwai and Deepak Parekh are believed to be in the race for the post of chairman at the proposed Banks Board Bureau (BBB). The Bureau will give its recommendations on appointment of directors in public sector banks and advise on ways to raise funds and mergers and acquisitions to the lenders. The Banks Board Bureau (BBB) is likely to be a six-member board comprising former CMDs of banks and experts from the financial services sector. The government is considering names of former Comptroller and Auditor General of India (CAG) Vinod Rai, ex-HSBC India chief Naina Lal Kidwai and HDFC chairman Deepak Parekh to head the Bureau, sources said. There are 22 state-owned banks in India including , and Bhartiya Mahila Bank. The BBB will be a body of eminent professionals and officials, which will replace the Appointments Board for appointment of Whole-time Directors as well as non-Executive Chairman of PSBs. They will also constantly engage with the Board of Directors of all the public sector banks to formulate appropriate strategies for their growth and development. Once in place, the Bureau will search and select heads of public sector banks and help them develop differentiated strategies of capital raising plans to innovative financial methods and instruments. It would also be responsible for selection of non-executive chairman and non-official directors on the boards. Besides, the body will also steer strategy discussion on consolidation based on the requirement. The government wants to encourage bank boards to restructure their business strategy and also suggest way forward for their consolidation and merger with other banks.","2016-02-27T12:50:05+05:30","2016-02-27T15:49:14+05:30",""
"Ideal Optics standalone Mar '15 sales at Rs 0.17 crore","","","https://www.moneycontrol.com/news/business/earnings/-1561691.html","","2015-06-02T16:46:50+05:30","2015-06-02T16:46:50+05:30",""
"Gold falls 1% as Ukraine tensions ease","","","https://www.moneycontrol.com/news/business/markets/gold-falls-1-as-ukraine-tensions-ease-1099861.html","Gold fell about 1 percent on Tuesday as assurances from Russia's president that military force would be a last resort in the Ukraine crisis prompted investors to take profits from the previous day's rally. Bullion's drop came as US equities measured by the S&P 500 index surged more than 1 percent to a record high after Russian leader ordered troops involved in a military exercise near the Ukrainian border back to their bases as he sought to ease tensions. Gold fell alongside safe-haven US Treasury debt following Monday's broad gain on escalating military tension between Russia and the West over Ukraine that hammered Russian financial markets. Economic uncertainty related to worries over Ukraine, however, should underpin gold prices, analysts said. ""The equities look incredibly vulnerable for a pullback. All you need is an issue like Ukraine that will lead to global concerns about the economy,"" said Tom Power, senior commodity broker at Chicago-based RJO Futures. ""I expect a lot of investor interest in gold."" Spot gold fell 0.9 percent to USD 1,337.86 by 2:10 p.m. EST (1910 GMT), its worst daily loss in more than a month since January 30. US COMEX gold futures for April delivery settled down USD 12.40 an ounce at USD 1,337.90. Trading volume is about 10 percent below its 30-day average, preliminary Reuters data showed. The yellow metal rallied nearly 2 percent on Monday as investors, alarmed by East-West tensions, piled into bullion and government debt. PRIVATE INVESTORS BUY In the retail gold market, buying among private bullion investors rebounded in February after three consecutive monthly drop, said a survey by online precious metals market BullionVault. The Gold Investor Index, which measures the balance of customers adding to gold holdings over those reducing them, was up to 53.5 in February from 51.9 in January. A reading of 50 signals an equal number of net gold buyers and sellers. In the physical market, India's trade minister said on Tuesday he had raised the issue of easing some curbs on gold imports with the finance ministry, as the restrictions were encouraging smuggling and hurting the gems and jewellery industry. India lost its spot as the world's biggest gold consumer to China last year, after the government imposed the restriction on imports to narrow the current account deficit. Among other precious metals, silver dropped 0.7 percent to USD 21.22 an ounce, while platinum rose 0.5 percent to USD 1,462 an ounce and palladium gained 1.9 percent to USD 760.25 an ounce.","2014-03-05T08:32:34+05:30","2014-03-05T08:37:33+05:30",""
"Sensex sinks 514pts, Midcap down 4% on demonetisation & earnings","","","https://www.moneycontrol.com/news/business/markets/sensex-sinks-514pts-midcap-down-4demonetisationearnings-930150.html","Dalal Street succumbed to more selling on Tuesday as the demonetisation effect and weak earnings drove the Sensex lower by 565 points and the Nifty below 8100 intraday. Strengthening of bond yields and US dollar on US president-elect Donald Trump policy also weighed on market sentiment. Equity benchmarks closed below their 200-daily moving average. The 30-share BSE Sensex tanked 514.19 points or 1.92 percent to 26304.63, the lowest closing level since May 25, taking the total loss for two consecutive days to 1200 points. The 50-share NSE Nifty was down 187.85 points or 2.26 percent to close at 8108.45 after hitting an intraday low of 8093.20. While maintaining overweight rating on India, Chris Wood of CLSA said demonetisation will be negative for equities in short term, adding that the move is a positive for bond and currency markets. Besides, demonetisation will help increase deposit growth of banks significantly, he said. S Naren of ICICI Prudential MF said he does not expect February lows of 6900-7000 on the Nifty to be tested in near term. The broader markets continued to underperform benchmarks with the BSE Midcap and Smallcap indices falling 3.91 percent and 4.7 percent, respectively. About 7 shares declined for every share rising on the exchange. Nifty Auto, Metal and Realty indices hit hardest, falling 5 percent each followed by FMCG and Bank with more than 2 percent losses while IT (up 0.56 percent) and PSU Bank (up 2.26 percent) bucked the trend. Tata Motors shares crashed 10 percent on lower-than-expected Q2 earnings; standalone business losses doubled to Rs 630.7 crore while JLR margin fell 190 basis points to 10.3 percent YoY. Tata Steel also fell nearly 8 percent post earnings. Bank of Baroda gained 8.5 percent and Corporation Bank climbed 13 percent on improvement in Q2 asset quality. - PSU banks like SBI, Union Bank, Canara Bank, Bank of India and Andhra Bank gained 1-3 percent on likely increase in deposits whereas non-banking finance companies like Can Fin Homes, Satin Creditcare, Shriram City, Ujjivan and Manappuram Finance cracked 12-20 percent on cash shortage. Jewellery and realty stocks were also under pressure. HDFC shares fell more than 3.6 percent as foreign investors may have offloaded shares. Other reason for fall could be that insurance regulator IRDAI has expressed reservations about mega insurance merger plan between HDFC Life and Max India. UltraTech Cement and Ambuja Cements were down 4-7 percent after Credit Suisse downgraded stocks to underperform, citing delayed cement upcycle. Among other Sensex 30 stocks, Asian Paints, Maruti Suzuki, Axis Bank, Adani Ports, Coal India, ITC and ICICI Bank slipped 2-7 percent while Dr Reddy's Labs and Wipro gained 1.5 percent.","2016-11-15T16:09:40+05:30","2016-11-16T08:06:08+05:30",""
"Cash Market | A follow-through buy signal in REC","Moneycontrol Contributor","After completion of a bear-trap pattern, a series of follow-through buy signals have also been triggered recently in REC.","https://www.moneycontrol.com/news/business/markets/cash-market-a-follow-through-buy-signal-in-rec-4877291.html","","2020-01-30T08:47:39+05:30","2020-01-30T08:47:39+05:30",""
"Suditi Ind standalone Dec '14 sales at Rs 11.63 crore","","","https://www.moneycontrol.com/news/business/earnings/-1242857.html","","2015-02-12T10:18:05+05:30","2015-02-12T10:18:05+05:30",""
"Taking Stock: Sensex zooms 728 points, Nifty reclaims 20k as heavyweights gain","Rakesh Patil","Top Nifty gainers were Hero MotoCorp, M&M, Axis Bank, Wipro and Tata Motors, while losers included ONGC, Nestle India, Eicher Motors, Adani Enterprises and Divi's Lab","https://www.moneycontrol.com/news/business/markets/taking-stock-sensex-zooms-728-points-nifty-reclaims-20k-as-heavyweights-gain-11828381.html","The Indian equity benchmarks extended gains for the second day on November 29, with the Nifty surpassing 20,000 after over two months supported by positive global cues and buying in heavyweights. At close, the Sensex was up 727.71 points, or 1.10 percent, at 66,901.91, and the Nifty gained 206.90 points, or 1.04 percent, at 20,096.60. The market started gap-up, with the Nifty above 19,950. It extended the gains as the day progressed, with the Nifty going past 21,100 amid buying across sectors barring realty. Also Read - Top Nifty gainers were Hero MotoCorp, M&M, Axis Bank, Wipro and Tata Motors, while losers included ONGC, Nestle India, Eicher Motors, Adani Enterprises and Divis Lab. Except realty, all other sectoral indices ended in the green with auto, bank, information technology and oil & gas gaining a percent each. The BSE midcap index closed 0.8 percent and the smallcap index 0.4 percent higher. A long build-up was seen in Manappuram Finance, Aarti Industries and Muthoot Finance, while a short build-up was seen in Zee Entertainment Enterprises, Balkrishna Industries and Adani Enterprises. Among individual stocks, a volume spike of more than 600 percent was seen in Zee Entertainment Enterprises, Hindustan Copper and Hindustan Petroleum Corporation. More than 300 stocks touched 52-week high on the BSE, including JK Cement, Hindalco Industries, Hero MotoCorp, Aster DM Healthcare, Torrent Power, Minda Corporation, Manappuram Finance, BHEL, Muthoot Finance, PCBL, LIC Housing Finance, Gateway Distriparks, Ratnamani Metals. The bulls dominated today's trade by breaching the resistance levels in one go and settled at 20,096.60 with gains of 206.90 points. Among the sectors, Auto and BankNifty participated the most in the rally while marginal pressure (profit booking) was observed in the Realty space. The Tech sector also performed well by ending the session with gains of 1.53%. The Index has formed a big positive candle on the daily chart which suggests continuation of the current move and is likely to register a fresh high in the coming days. The immediate resistance comes at the record levels i.e. 20,200 while the downside is protected at 19,915. Markets edged strongly higher in response to yesterday’s breakout and gained over a percent. After the gap-up start, Nifty moved from strength to strength and settled around the day’s high at 20,096.60 levels. Most sectors participated in the rally however the highlight was the performance of the banking and financials majors, which contributed maximum to the gains. Besides, the broader indices too traded in tandem and gained nearly a percent each. The strength in the banking index has helped Nifty to regain momentum and we expect the prevailing tone to continue. Nifty may take a breather around the previous record high i.e. 20,222.45 levels and then gradually inch toward the 20,500 level. We thus suggest focusing on quality large cap names from across sectors and picking selectively from the broader indices. : The views and investment tips expressed by investment experts on Moneycontrol.com are their own and not those of the website or its management. Moneycontrol.com advises users to check with certified experts before taking any investment decisions.","2023-11-29T15:41:57+05:30","2023-11-29T16:23:13+05:30",""
"Crimson Metal Standalone September 2023 Net Sales at Rs 1.97 crore, down 16.02% Y-o-Y","","","https://www.moneycontrol.com/news/business/earnings/crimson-metal-standalone-september-2023-net-sales-at-rs-1-97-crore-down-16-02-y-o-y-11706651.html","","2023-11-09T11:33:36+05:30","2023-11-09T12:20:38+05:30",""
"Trade Spotlight | Your strategy for Bank of Baroda, Mahindra & Mahindra and Yes Bank today","Sunil Shankar Matkar","Yes Bank has seen above average volumes for major part of sessions since the start of September month and also took a support at the long downward sloping resistance trendline, which is a positive sign.","https://www.moneycontrol.com/news/business/markets/trade-spotlight-your-strategy-for-bank-of-baroda-mahindra-mahindra-and-yes-bank-today-11393661.html","Equity benchmarks as well as broader markets are expected to consolidate in the coming days with the Nifty50 likely to move in the 20,200-19,900 range. The decisively breaching on either side of the range may give a firm direction to the market and, till then, the consolidation may susatain, at least till the outcome of two-day Fed policy meeting scheduled on September 20, experts said. On September 18, the Nifty50 slipped 59 points to 20,133, and the BSE Sensex declined over 240 points to 67,597, while the Nifty Midcap 100 and Smallcap 100 indices corrected four-tenth of a percent and half a percent. The key sectors were under pressure with the Bank Nifty declining more than 250 points to 45,980, while the Nifty IT shed 225 points to 33,130 and formed a bearish candlestick pattern on the daily charts. Stocks that outperformed broader markets included Bank of Baroda, Mahindra & Mahindra, and Yes Bank. remained above the falling trendline for third straight session, rising more than 3 percent to Rs 217 and formed bullish candlestick pattern with minor upper shadow on the daily timeframe, with above average volumes. The stock remained above all key moving averages. hit a historic high on Monday after breakout of upward sloping resistance trendline and traded with strong volumes on last two sessions. The stock gained 2.5 percent to end at record closing high of Rs 1,641.5 and formed bullish candlestick pattern with long upper shadow on the daily charts, indicating some profit booking at higher levels. has seen above average volumes for major part of sessions since the start of September month and also took a support at the long downward sloping resistance trendline, which is a positive sign. The stock rose 1.4 percent to Rs 18.55 and formed bullish candlestick pattern with long upper shadow and minor lower shadow on the daily charts. The market was shut on Tuesday, September 19, for Ganesh Chaturthi. The stock is moving well within upward sloping channel. Recently prices bounced back on the upside by taking support of the channel. So, with follow up buying we can expect a move towards the channel resistance which is near Rs 1,780-1,800 levels. On the other hand, prices bounced back from the Ichimoku Cloud. So, Cloud can act as a near term support which is near Rs 1,540 levels. Along with this, MACD (moving average convergence divergence) has also turned bullish by showing a positive crossover. In short, all the signs are suggesting that further bullish momentum is likely to continue in this stock. Any break above Rs 1,670 can take price further higher with the target of Rs 1,800, while on the downside, Rs 1,540 can act as a near term support. In the previous session (September 18), Yes Bank showed a good rally just like its peer companies. Also, mid bands continued to act as a support cushion to prices and for now mid band can act as near-term support which comes near Rs 17.6 levels. Prices are facing resistance near Rs 19 level as prices failed to give a close above the same since last 4 times. In short, overall, outlook for Yes bank looks positive. Any daily close above Rs 19 is must for further bullish momentum to continue and then we can expect a move towards Rs 21-22, while Rs 17.6 can act as a near term support. On the daily chart, prices have formed a rounding bottom pattern which is a bullish pattern. The break out of the pattern occurred two session prior and after retesting prices bounced back on the upside. Traders who already holding position in this particular stock should hold with a stop-loss of Rs 207. Whereas someone looking for making new positions should use any dips towards Rs 213 as a buying opportunity for the target Rs 230 as RSI (relative strength index) is trading in overbought zone and we need RSI to cool down.","2023-09-20T06:36:57+05:30","2023-09-20T06:44:07+05:30",""
"Nicco Parks standalone Dec '15 sales at Rs 10.82 crore","","","https://www.moneycontrol.com/news/business/earnings/-1042569.html","","2016-02-09T11:05:43+05:30","2016-02-09T11:05:43+05:30",""
"Natural gas futures fall on expectations for bearish supply report","","","https://www.moneycontrol.com/news/business/markets/natural-gas-futures-fallexpectations-for-bearish-supply-report-1071063.html","Investing.com - Investing.com - U.S. natural gas prices declined on Wednesday, as market participants looked ahead to fresh weekly information on U.S. gas inventories amid expectations for build in supplies. On the New York Mercantile Exchange, natural gas for delivery in May slumped 3.6 cents, or 1.36%, to trade at $2.644 per million British thermal units during U.S. morning hours. A day earlier, natural gas prices rose 3.0 cents, or 1.13%, to settle at $2.680. Futures were likely to find support at $2.583, the low from April 1, and resistance at $2.719, the high from April 2. The U.S. Energy Information Administration's next storage report slated for release on Thursday is expected to show a build of approximately 5 billion cubic feet for the week ending April 3. Supplies fell by 8 billion cubic feet in the same week last year, while the five-year average change is a decline of 2 billion cubic feet. Total U.S. natural gas storage stood at 1.461 trillion cubic feet as of last week, 75.4% above year-ago levels and 11.5% below the five-year average for this time of year. Last spring, supplies were 55% below the five-year average, indicating producers have made up for most of last winter's unusually strong demand. Meanwhile, updated weather forecasting models for the lower 48 U.S. states showed that temperatures will remain near-normal over the next two weeks. Market experts warned that futures are likely to remain vulnerable in the near-term as the coldest part of the winter has effectively passed and below-normal temperatures in April mean less than they do in January and February. Spring usually sees the weakest demand for natural gas in the U.S, as the absence of extreme temperatures curbs demand for heating and air conditioning. Elsewhere on the Nymex, crude oil for delivery in May dropped $1.35, or 2.5%, to trade at $52.63 a barrel, while heating oil for May delivery slumped 1.04% to trade at $1.765 per gallon. ","2015-04-08T19:18:00+05:30","2015-04-08T19:18:00+05:30",""
"Wall Street seen steady ahead of inflation data, Fed later in week","Reuters","","https://www.moneycontrol.com/news/business/markets/wall-street-seen-steady-ahead-of-inflation-data-fed-later-in-week-9693521.html","Global stocks, oil and the dollar languished on Monday as investors braced for the last round of transatlantic interest rate hikes this year from a trio of central banks, hoping that a hitherto hefty pace of increases in borrowing costs will finally show signs of easing. S&P 500 futures and Nasdaq futures recovered earlier losses to edge higher, indicating a steady start on Wall Street and helping European indices trim their modest losses. Oil prices gave up early gains to deepen a multi-week decline, as a weakening global economy offset tighter supplies from the closure of a key pipeline supplying the United States, and Russian threats of a production cut. The dollar eased, its losses contained by data last week that showed U.S. wholesale inflation rose more than expected last month, reinforcing the view that the Federal Reserve may have to keep interest rates higher for longer. The U.S. consumer price index for November is due on Tuesday, when a slowdown in core annual inflation is anticipated. ""A heavy event risk calendar this week stands to define the core themes for 2023,"" ING bank said. Market consensus was still ""underappreciating"" the risk of inflation staying higher longer, and ""dangerously second-guessing"" the Fed in terms of rate cuts in the second half of next year, ING said. The MSCI all country stock index was down 0.2%, the benchmark having lost about 18% so far this year, wiping out all gains chalked up in 2021. In Europe, the STOXX index of 600 companies was down 0.6%. Economists expect the Federal Reserve on Wednesday, and the European Central Bank and Bank of England on Thursday to all raise rates by 50 basis points, still a slowing down from the 75 basis point hikes seen in recent meetings. Patrick Spencer, vice chair of equities at Baird investment bank, said central banks will start taking a less aggressive stance this week, though Tuesday's CPI data will be critical. ""It's the last important week of the year, after this week you've got no real sort of catalysts. If the CPI is a muted number, we're off to the races and we'll get our year-end rally,"" Spencer said. But irrespective of the CPI, deflationary pressures are increasing, with crude oil prices down for the year, and iron ore, lumber and house prices also down, Spencer said. ""All this talk of recession, I think it is certainly in the price, it's in the markets. The key about recession is generally employment, and I think employment is going to be stronger than people give it credit,"" Spencer said. In Asia, MSCI's broadest index of Asia-Pacific shares outside Japan slid 1.2%, erasing almost all of the previous week's gains stemming from optimism that China is finally opening up its economy with the dismantling of its zero-COVID policy. Japan's Nikkei eased 0.2%. Chinese bluechips dropped 1.1%, while Hong Kong's Hang Seng index was down 2.2%, as investors' focus shifted away from crippling COVID-19 curbs to the surge in infections that is now disrupting the economy. While the Fed is widely expected to raise rates by 50 basis points on Wednesday at its last meeting of 2022, the focus will also be on the central bank's updated economic projections and Fed Chair Jerome Powell's press conference. ""We also want to understand if Jay Powell opens the door to a slowdown to a 25bp hiking pace from February – again, while in line with market pricing, this could be taken that we're closer to the end of the hiking cycle and is a modest USD negative,"" said Chris Weston, head of research at Pepperstone. Kevin Cummins, chief U.S. economist at NatWest, said any surprise in the November CPI report was unlikely to shift the Fed from a 50-basis-point rate hike, although it would play a bigger role in the policy statement and the tone of Powell's press conference. In currency markets, the dollar eased 0.295% to 104.74, although it was not too far away from the five-month trough of 104.1 hit a week ago. Sterling gained 0.2% to $1.2295. Treasury yields held largely steady on Monday. The yield on benchmark 10-year Treasury notes eased to 3.5342%, from its U.S. close of 3.5670%. The two-year yield touched 4.3273%, down slightly from its U.S. close of 4.330%. Brent crude futures were off 0.7% at $75.58 a barrel while U.S. West Texas Intermediate crude was at $70.72 a barrel, off 0.4%. Spot gold was 0.3% lower at $1,792 per ounce.","2022-12-12T18:51:33+05:30","2022-12-12T18:51:33+05:30",""
